etudiant1;etudiant2;sigle;session
camille_gagnon;nicolas_beaudoin;BIO500;H2023
camille_gagnon;francis_boily;BIO500;H2023
camille_gagnon;marilou_cournoyer;BIO500;H2023
nicolas_beaudoin;camille_gagnon;BIO500;H2023
nicolas_beaudoin;francis_boily;BIO500;H2023
nicolas_beaudoin;marilou_cournoyer;BIO500;H2023
francis_boily;camille_gagnon;BIO500;H2023
francis_boily;nicolas_beaudoin;BIO500;H2023
francis_boily;marilou_cournoyer;BIO500;H2023
marilou_cournoyer;camille_gagnon;BIO500;H2023
marilou_cournoyer;nicolas_beaudoin;BIO500;H2023
marilou_cournoyer;francis_boily;BIO500;H2023
camille_gagnon;philippe_leonard-dufour;BOT400;H2023
philippe_leonard-dufour;camille_gagnon;BOT400;H2023
camille_gagnon;beatrice_dupuis;ECL603;H2023
camille_gagnon;rosalie_gagnon;ECL603;H2023
camille_gagnon;frederic_laberge;ECL603;H2023
camille_gagnon;nicolas_beaudoin;ECL603;H2023
beatrice_dupuis;rosalie_gagnon;ECL603;H2023
beatrice_dupuis;frederic_laberge;ECL603;H2023
beatrice_dupuis;nicolas_beaudoin;ECL603;H2023
beatrice_dupuis;camille_gagnon;ECL603;H2023
rosalie_gagnon;frederic_laberge;ECL603;H2023
rosalie_gagnon;nicolas_beaudoin;ECL603;H2023
rosalie_gagnon;camille_gagnon;ECL603;H2023
rosalie_gagnon;beatrice_dupuis;ECL603;H2023
frederic_laberge;nicolas_beaudoin;ECL603;H2023
frederic_laberge;camille_gagnon;ECL603;H2023
frederic_laberge;beatrice_dupuis;ECL603;H2023
frederic_laberge;rosalie_gagnon;ECL603;H2023
nicolas_beaudoin;camille_gagnon;ECL603;H2023
nicolas_beaudoin;beatrice_dupuis;ECL603;H2023
nicolas_beaudoin;rosalie_gagnon;ECL603;H2023
nicolas_beaudoin;frederic_laberge;ECL603;H2023
camille_gagnon;nicolas_beaudoin;ECL610;H2023
camille_gagnon;rosalie_gagnon;ECL610;H2023
camille_gagnon;francis_boily;ECL610;H2023
nicolas_beaudoin;rosalie_gagnon;ECL610;H2023
nicolas_beaudoin;francis_boily;ECL610;H2023
nicolas_beaudoin;camille_gagnon;ECL610;H2023
rosalie_gagnon;francis_boily;ECL610;H2023
rosalie_gagnon;camille_gagnon;ECL610;H2023
rosalie_gagnon;nicolas_beaudoin;ECL610;H2023
francis_boily;camille_gagnon;ECL610;H2023
francis_boily;nicolas_beaudoin;ECL610;H2023
francis_boily;rosalie_gagnon;ECL610;H2023
camille_gagnon;nicolas_beaudoin;ENT102;H2023
nicolas_beaudoin;camille_gagnon;ENT102;H2023
camille_gagnon;sabrina_artuza;ZOO105;H2023
camille_gagnon;camille_daze;ZOO105;H2023
camille_gagnon;laurie_bonneville;ZOO105;H2023
sabrina_artuza;camille_daze;ZOO105;H2023
sabrina_artuza;laurie_bonneville;ZOO105;H2023
sabrina_artuza;camille_gagnon;ZOO105;H2023
camille_daze;laurie_bonneville;ZOO105;H2023
camille_daze;camille_gagnon;ZOO105;H2023
camille_daze;sabrina_artuza;ZOO105;H2023
laurie_bonneville;camille_gagnon;ZOO105;H2023
laurie_bonneville;sabrina_artuza;ZOO105;H2023
laurie_bonneville;camille_daze;ZOO105;H2023
camille_gagnon;daphnee_lalonde;ECL530;A2022
daphnee_lalonde;camille_gagnon;ECL530;A2022
camille_gagnon;gabrielle_racine;ECL611;A2022
camille_gagnon;veldon-james_laurie;ECL611;A2022
gabrielle_racine;veldon-james_laurie;ECL611;A2022
gabrielle_racine;camille_gagnon;ECL611;A2022
veldon-james_laurie;camille_gagnon;ECL611;A2022
veldon-james_laurie;gabrielle_racine;ECL611;A2022
camille_gagnon;felix-antoine_lacasse;GMQ330;A2022
camille_gagnon;ayman_hajji;GMQ330;A2022
camille_gagnon;alexandre_st-georges;GMQ330;A2022
felix-antoine_lacasse;ayman_hajji;GMQ330;A2022
felix-antoine_lacasse;alexandre_st-georges;GMQ330;A2022
felix-antoine_lacasse;camille_gagnon;GMQ330;A2022
ayman_hajji;alexandre_st-georges;GMQ330;A2022
ayman_hajji;camille_gagnon;GMQ330;A2022
ayman_hajji;felix-antoine_lacasse;GMQ330;A2022
alexandre_st-georges;camille_gagnon;GMQ330;A2022
alexandre_st-georges;felix-antoine_lacasse;GMQ330;A2022
alexandre_st-georges;ayman_hajji;GMQ330;A2022
camille_gagnon;nicolas_beaudoin;ENT101;E2022
camille_gagnon;francis_boily;ENT101;E2022
camille_gagnon;rosalie_gagnon;ENT101;E2022
nicolas_beaudoin;francis_boily;ENT101;E2022
nicolas_beaudoin;rosalie_gagnon;ENT101;E2022
nicolas_beaudoin;camille_gagnon;ENT101;E2022
francis_boily;rosalie_gagnon;ENT101;E2022
francis_boily;camille_gagnon;ENT101;E2022
francis_boily;nicolas_beaudoin;ENT101;E2022
rosalie_gagnon;camille_gagnon;ENT101;E2022
rosalie_gagnon;nicolas_beaudoin;ENT101;E2022
rosalie_gagnon;francis_boily;ENT101;E2022
camille_gagnon;nicolas_beaudoin;ECL615;E2022
camille_gagnon;francis_boily;ECL615;E2022
camille_gagnon;cassandra_godin;ECL615;E2022
camille_gagnon;frederic_laberge;ECL615;E2022
nicolas_beaudoin;francis_boily;ECL615;E2022
nicolas_beaudoin;cassandra_godin;ECL615;E2022
nicolas_beaudoin;frederic_laberge;ECL615;E2022
nicolas_beaudoin;camille_gagnon;ECL615;E2022
francis_boily;cassandra_godin;ECL615;E2022
francis_boily;frederic_laberge;ECL615;E2022
francis_boily;camille_gagnon;ECL615;E2022
francis_boily;nicolas_beaudoin;ECL615;E2022
cassandra_godin;frederic_laberge;ECL615;E2022
cassandra_godin;camille_gagnon;ECL615;E2022
cassandra_godin;nicolas_beaudoin;ECL615;E2022
cassandra_godin;francis_boily;ECL615;E2022
frederic_laberge;camille_gagnon;ECL615;E2022
frederic_laberge;nicolas_beaudoin;ECL615;E2022
frederic_laberge;francis_boily;ECL615;E2022
frederic_laberge;cassandra_godin;ECL615;E2022
camille_gagnon;nicolas_beaudoin;ECL406;E2022
camille_gagnon;frederic_laberge;ECL406;E2022
nicolas_beaudoin;frederic_laberge;ECL406;E2022
nicolas_beaudoin;camille_gagnon;ECL406;E2022
frederic_laberge;camille_gagnon;ECL406;E2022
frederic_laberge;nicolas_beaudoin;ECL406;E2022
camille_gagnon;francis_boily;ECL515;E2022
camille_gagnon;rosalie_gagnon;ECL515;E2022
francis_boily;rosalie_gagnon;ECL515;E2022
francis_boily;camille_gagnon;ECL515;E2022
rosalie_gagnon;camille_gagnon;ECL515;E2022
rosalie_gagnon;francis_boily;ECL515;E2022
camille_gagnon;nicolas_beaudoin;ECL404;E2022
camille_gagnon;francis_boily;ECL404;E2022
nicolas_beaudoin;francis_boily;ECL404;E2022
nicolas_beaudoin;camille_gagnon;ECL404;E2022
francis_boily;camille_gagnon;ECL404;E2022
francis_boily;nicolas_beaudoin;ECL404;E2022
camille_gagnon;nicolas_beaudoin;ECL403;E2022
camille_gagnon;francis_boily;ECL403;E2022
camille_gagnon;rosalie_gagnon;ECL403;E2022
camille_gagnon;frederic_laberge;ECL403;E2022
nicolas_beaudoin;francis_boily;ECL403;E2022
nicolas_beaudoin;rosalie_gagnon;ECL403;E2022
nicolas_beaudoin;frederic_laberge;ECL403;E2022
nicolas_beaudoin;camille_gagnon;ECL403;E2022
francis_boily;rosalie_gagnon;ECL403;E2022
francis_boily;frederic_laberge;ECL403;E2022
francis_boily;camille_gagnon;ECL403;E2022
francis_boily;nicolas_beaudoin;ECL403;E2022
rosalie_gagnon;frederic_laberge;ECL403;E2022
rosalie_gagnon;camille_gagnon;ECL403;E2022
rosalie_gagnon;nicolas_beaudoin;ECL403;E2022
rosalie_gagnon;francis_boily;ECL403;E2022
frederic_laberge;camille_gagnon;ECL403;E2022
frederic_laberge;nicolas_beaudoin;ECL403;E2022
frederic_laberge;francis_boily;ECL403;E2022
frederic_laberge;rosalie_gagnon;ECL403;E2022
camille_gagnon;nicolas_beaudoin;ECL516;A2021
camille_gagnon;rosalie_gagnon;ECL516;A2021
camille_gagnon;francis_boily;ECL516;A2021
nicolas_beaudoin;rosalie_gagnon;ECL516;A2021
nicolas_beaudoin;francis_boily;ECL516;A2021
nicolas_beaudoin;camille_gagnon;ECL516;A2021
rosalie_gagnon;francis_boily;ECL516;A2021
rosalie_gagnon;camille_gagnon;ECL516;A2021
rosalie_gagnon;nicolas_beaudoin;ECL516;A2021
francis_boily;camille_gagnon;ECL516;A2021
francis_boily;nicolas_beaudoin;ECL516;A2021
francis_boily;rosalie_gagnon;ECL516;A2021
camille_gagnon;beatrice_dupuis;ECL544;A2021
camille_gagnon;mia_carriere;ECL544;A2021
beatrice_dupuis;mia_carriere;ECL544;A2021
beatrice_dupuis;camille_gagnon;ECL544;A2021
mia_carriere;camille_gagnon;ECL544;A2021
mia_carriere;beatrice_dupuis;ECL544;A2021
camille_gagnon;nicolas_beaudoin;ECL527;A2021
camille_gagnon;rosalie_gagnon;ECL527;A2021
camille_gagnon;beatrice_dupuis;ECL527;A2021
camille_gagnon;frederic_laberge;ECL527;A2021
camille_gagnon;francis_boily;ECL527;A2021
nicolas_beaudoin;rosalie_gagnon;ECL527;A2021
nicolas_beaudoin;beatrice_dupuis;ECL527;A2021
nicolas_beaudoin;frederic_laberge;ECL527;A2021
nicolas_beaudoin;francis_boily;ECL527;A2021
nicolas_beaudoin;camille_gagnon;ECL527;A2021
rosalie_gagnon;beatrice_dupuis;ECL527;A2021
rosalie_gagnon;frederic_laberge;ECL527;A2021
rosalie_gagnon;francis_boily;ECL527;A2021
rosalie_gagnon;camille_gagnon;ECL527;A2021
rosalie_gagnon;nicolas_beaudoin;ECL527;A2021
beatrice_dupuis;frederic_laberge;ECL527;A2021
beatrice_dupuis;francis_boily;ECL527;A2021
beatrice_dupuis;camille_gagnon;ECL527;A2021
beatrice_dupuis;nicolas_beaudoin;ECL527;A2021
beatrice_dupuis;rosalie_gagnon;ECL527;A2021
frederic_laberge;francis_boily;ECL527;A2021
frederic_laberge;camille_gagnon;ECL527;A2021
frederic_laberge;nicolas_beaudoin;ECL527;A2021
frederic_laberge;rosalie_gagnon;ECL527;A2021
frederic_laberge;beatrice_dupuis;ECL527;A2021
francis_boily;camille_gagnon;ECL527;A2021
francis_boily;nicolas_beaudoin;ECL527;A2021
francis_boily;rosalie_gagnon;ECL527;A2021
francis_boily;beatrice_dupuis;ECL527;A2021
francis_boily;frederic_laberge;ECL527;A2021
camille_gagnon;nicolas_beaudoin;BIO109;H2021
camille_gagnon;beatrice_dupuis;BIO109;H2021
camille_gagnon;xavier_samson;BIO109;H2021
nicolas_beaudoin;beatrice_dupuis;BIO109;H2021
nicolas_beaudoin;xavier_samson;BIO109;H2021
nicolas_beaudoin;camille_gagnon;BIO109;H2021
beatrice_dupuis;xavier_samson;BIO109;H2021
beatrice_dupuis;camille_gagnon;BIO109;H2021
beatrice_dupuis;nicolas_beaudoin;BIO109;H2021
xavier_samson;camille_gagnon;BIO109;H2021
xavier_samson;nicolas_beaudoin;BIO109;H2021
xavier_samson;beatrice_dupuis;BIO109;H2021
camille_gagnon;frederic_laberge;BCM104;H2021
camille_gagnon;rosalie_gagnon;BCM104;H2021
camille_gagnon;francis_boily;BCM104;H2021
camille_gagnon;nicolas_beaudoin;BCM104;H2021
camille_gagnon;beatrice_dupuis;BCM104;H2021
camille_gagnon;samuel_beaulac;BCM104;H2021
camille_gagnon;marie_eve_gagne;BCM104;H2021
camille_gagnon;daphnee_longworth;BCM104;H2021
frederic_laberge;rosalie_gagnon;BCM104;H2021
frederic_laberge;francis_boily;BCM104;H2021
frederic_laberge;nicolas_beaudoin;BCM104;H2021
frederic_laberge;beatrice_dupuis;BCM104;H2021
frederic_laberge;samuel_beaulac;BCM104;H2021
frederic_laberge;marie_eve_gagne;BCM104;H2021
frederic_laberge;daphnee_longworth;BCM104;H2021
frederic_laberge;camille_gagnon;BCM104;H2021
rosalie_gagnon;francis_boily;BCM104;H2021
rosalie_gagnon;nicolas_beaudoin;BCM104;H2021
rosalie_gagnon;beatrice_dupuis;BCM104;H2021
rosalie_gagnon;samuel_beaulac;BCM104;H2021
rosalie_gagnon;marie_eve_gagne;BCM104;H2021
rosalie_gagnon;daphnee_longworth;BCM104;H2021
rosalie_gagnon;camille_gagnon;BCM104;H2021
rosalie_gagnon;frederic_laberge;BCM104;H2021
francis_boily;nicolas_beaudoin;BCM104;H2021
francis_boily;beatrice_dupuis;BCM104;H2021
francis_boily;samuel_beaulac;BCM104;H2021
francis_boily;marie_eve_gagne;BCM104;H2021
francis_boily;daphnee_longworth;BCM104;H2021
francis_boily;camille_gagnon;BCM104;H2021
francis_boily;frederic_laberge;BCM104;H2021
francis_boily;rosalie_gagnon;BCM104;H2021
nicolas_beaudoin;beatrice_dupuis;BCM104;H2021
nicolas_beaudoin;samuel_beaulac;BCM104;H2021
nicolas_beaudoin;marie_eve_gagne;BCM104;H2021
nicolas_beaudoin;daphnee_longworth;BCM104;H2021
nicolas_beaudoin;camille_gagnon;BCM104;H2021
nicolas_beaudoin;frederic_laberge;BCM104;H2021
nicolas_beaudoin;rosalie_gagnon;BCM104;H2021
nicolas_beaudoin;francis_boily;BCM104;H2021
beatrice_dupuis;samuel_beaulac;BCM104;H2021
beatrice_dupuis;marie_eve_gagne;BCM104;H2021
beatrice_dupuis;daphnee_longworth;BCM104;H2021
beatrice_dupuis;camille_gagnon;BCM104;H2021
beatrice_dupuis;frederic_laberge;BCM104;H2021
beatrice_dupuis;rosalie_gagnon;BCM104;H2021
beatrice_dupuis;francis_boily;BCM104;H2021
beatrice_dupuis;nicolas_beaudoin;BCM104;H2021
samuel_beaulac;marie_eve_gagne;BCM104;H2021
samuel_beaulac;daphnee_longworth;BCM104;H2021
samuel_beaulac;camille_gagnon;BCM104;H2021
samuel_beaulac;frederic_laberge;BCM104;H2021
samuel_beaulac;rosalie_gagnon;BCM104;H2021
samuel_beaulac;francis_boily;BCM104;H2021
samuel_beaulac;nicolas_beaudoin;BCM104;H2021
samuel_beaulac;beatrice_dupuis;BCM104;H2021
marie_eve_gagne;daphnee_longworth;BCM104;H2021
marie_eve_gagne;camille_gagnon;BCM104;H2021
marie_eve_gagne;frederic_laberge;BCM104;H2021
marie_eve_gagne;rosalie_gagnon;BCM104;H2021
marie_eve_gagne;francis_boily;BCM104;H2021
marie_eve_gagne;nicolas_beaudoin;BCM104;H2021
marie_eve_gagne;beatrice_dupuis;BCM104;H2021
marie_eve_gagne;samuel_beaulac;BCM104;H2021
daphnee_longworth;camille_gagnon;BCM104;H2021
daphnee_longworth;frederic_laberge;BCM104;H2021
daphnee_longworth;rosalie_gagnon;BCM104;H2021
daphnee_longworth;francis_boily;BCM104;H2021
daphnee_longworth;nicolas_beaudoin;BCM104;H2021
daphnee_longworth;beatrice_dupuis;BCM104;H2021
daphnee_longworth;samuel_beaulac;BCM104;H2021
daphnee_longworth;marie_eve_gagne;BCM104;H2021
camille_gagnon;beatrice_dupuis;TSB303;H2021
camille_gagnon;frederic_laberge;TSB303;H2021
camille_gagnon;philippe_leonard-dufour;TSB303;H2021
camille_gagnon;nicolas_beaudoin;TSB303;H2021
camille_gagnon;charles_wu;TSB303;H2021
camille_gagnon;samuel_beaulac;TSB303;H2021
beatrice_dupuis;frederic_laberge;TSB303;H2021
beatrice_dupuis;philippe_leonard-dufour;TSB303;H2021
beatrice_dupuis;nicolas_beaudoin;TSB303;H2021
beatrice_dupuis;charles_wu;TSB303;H2021
beatrice_dupuis;samuel_beaulac;TSB303;H2021
beatrice_dupuis;camille_gagnon;TSB303;H2021
frederic_laberge;philippe_leonard-dufour;TSB303;H2021
frederic_laberge;nicolas_beaudoin;TSB303;H2021
frederic_laberge;charles_wu;TSB303;H2021
frederic_laberge;samuel_beaulac;TSB303;H2021
frederic_laberge;camille_gagnon;TSB303;H2021
frederic_laberge;beatrice_dupuis;TSB303;H2021
philippe_leonard-dufour;nicolas_beaudoin;TSB303;H2021
philippe_leonard-dufour;charles_wu;TSB303;H2021
philippe_leonard-dufour;samuel_beaulac;TSB303;H2021
philippe_leonard-dufour;camille_gagnon;TSB303;H2021
philippe_leonard-dufour;beatrice_dupuis;TSB303;H2021
philippe_leonard-dufour;frederic_laberge;TSB303;H2021
nicolas_beaudoin;charles_wu;TSB303;H2021
nicolas_beaudoin;samuel_beaulac;TSB303;H2021
nicolas_beaudoin;camille_gagnon;TSB303;H2021
nicolas_beaudoin;beatrice_dupuis;TSB303;H2021
nicolas_beaudoin;frederic_laberge;TSB303;H2021
nicolas_beaudoin;philippe_leonard-dufour;TSB303;H2021
charles_wu;samuel_beaulac;TSB303;H2021
charles_wu;camille_gagnon;TSB303;H2021
charles_wu;beatrice_dupuis;TSB303;H2021
charles_wu;frederic_laberge;TSB303;H2021
charles_wu;philippe_leonard-dufour;TSB303;H2021
charles_wu;nicolas_beaudoin;TSB303;H2021
samuel_beaulac;camille_gagnon;TSB303;H2021
samuel_beaulac;beatrice_dupuis;TSB303;H2021
samuel_beaulac;frederic_laberge;TSB303;H2021
samuel_beaulac;philippe_leonard-dufour;TSB303;H2021
samuel_beaulac;nicolas_beaudoin;TSB303;H2021
samuel_beaulac;charles_wu;TSB303;H2021
marilou_cournoyer;philippe_barrette;BCM104;H2021
marilou_cournoyer;gabrielle_beauchesne;BCM104;H2021
marilou_cournoyer;yannick_sageau;BCM104;H2021
marilou_cournoyer;sabrina_leclercq;BCM104;H2021
marilou_cournoyer;marie_bughin;BCM104;H2021
philippe_barrette;marilou_cournoyer;BCM104;H2021
philippe_barrette;gabrielle_beauchesne;BCM104;H2021
philippe_barrette;yannick_sageau;BCM104;H2021
philippe_barrette;sabrina_leclercq;BCM104;H2021
philippe_barrette;marie_bughin;BCM104;H2021
gabrielle_beauchesne;marilou_cournoyer;BCM104;H2021
gabrielle_beauchesne;philippe_barrette;BCM104;H2021
gabrielle_beauchesne;yannick_sageau;BCM104;H2021
gabrielle_beauchesne;sabrina_leclercq;BCM104;H2021
gabrielle_beauchesne;marie_bughin;BCM104;H2021
yannick_sageau;marilou_cournoyer;BCM104;H2021
yannick_sageau;philippe_barrette;BCM104;H2021
yannick_sageau;gabrielle_beauchesne;BCM104;H2021
yannick_sageau;sabrina_leclercq;BCM104;H2021
yannick_sageau;marie_bughin;BCM104;H2021
sabrina_leclercq;marilou_cournoyer;BCM104;H2021
sabrina_leclercq;philippe_barrette;BCM104;H2021
sabrina_leclercq;gabrielle_beauchesne;BCM104;H2021
sabrina_leclercq;yannick_sageau;BCM104;H2021
sabrina_leclercq;marie_bughin;BCM104;H2021
marie_bughin;marilou_cournoyer;BCM104;H2021
marie_bughin;philippe_barrette;BCM104;H2021
marie_bughin;gabrielle_beauchesne;BCM104;H2021
marie_bughin;yannick_sageau;BCM104;H2021
marie_bughin;sabrina_leclercq;BCM104;H2021
marilou_cournoyer;philippe_barrette;BCM113;H2021
philippe_barrette;marilou_cournoyer;BCM113;H2021
marilou_cournoyer;philippe_barrette;BIO109;H2021
marilou_cournoyer;naomie_aubut;BIO109;H2021
philippe_barrette;marilou_cournoyer;BIO109;H2021
philippe_barrette;naomie_aubut;BIO109;H2021
naomie_aubut;marilou_cournoyer;BIO109;H2021
naomie_aubut;philippe_barrette;BIO109;H2021
marilou_cournoyer;philippe_bourassa;MCB101;H2021
philippe_bourassa;marilou_cournoyer;MCB101;H2021
marilou_cournoyer;philippe_barrette;TSB303;H2021
marilou_cournoyer;naomie_aubut;TSB303;H2021
marilou_cournoyer;madyson_mclean;TSB303;H2021
marilou_cournoyer;yuriko_archambault;TSB303;H2021
marilou_cournoyer;marie-eve_gagne;TSB303;H2021
marilou_cournoyer;daphnee_longworth;TSB303;H2021
philippe_barrette;marilou_cournoyer;TSB303;H2021
philippe_barrette;naomie_aubut;TSB303;H2021
philippe_barrette;madyson_mclean;TSB303;H2021
philippe_barrette;yuriko_archambault;TSB303;H2021
philippe_barrette;marie-eve_gagne;TSB303;H2021
philippe_barrette;daphnee_longworth;TSB303;H2021
naomie_aubut;marilou_cournoyer;TSB303;H2021
naomie_aubut;philippe_barrette;TSB303;H2021
naomie_aubut;madyson_mclean;TSB303;H2021
naomie_aubut;yuriko_archambault;TSB303;H2021
naomie_aubut;marie-eve_gagne;TSB303;H2021
naomie_aubut;daphnee_longworth;TSB303;H2021
madyson_mclean;marilou_cournoyer;TSB303;H2021
madyson_mclean;philippe_barrette;TSB303;H2021
madyson_mclean;naomie_aubut;TSB303;H2021
madyson_mclean;yuriko_archambault;TSB303;H2021
madyson_mclean;marie-eve_gagne;TSB303;H2021
madyson_mclean;daphnee_longworth;TSB303;H2021
yuriko_archambault;marilou_cournoyer;TSB303;H2021
yuriko_archambault;philippe_barrette;TSB303;H2021
yuriko_archambault;naomie_aubut;TSB303;H2021
yuriko_archambault;madyson_mclean;TSB303;H2021
yuriko_archambault;marie-eve_gagne;TSB303;H2021
yuriko_archambault;daphnee_longworth;TSB303;H2021
marie-eve_gagne;marilou_cournoyer;TSB303;H2021
marie-eve_gagne;philippe_barrette;TSB303;H2021
marie-eve_gagne;naomie_aubut;TSB303;H2021
marie-eve_gagne;madyson_mclean;TSB303;H2021
marie-eve_gagne;yuriko_archambault;TSB303;H2021
marie-eve_gagne;daphnee_longworth;TSB303;H2021
daphnee_longworth;marilou_cournoyer;TSB303;H2021
daphnee_longworth;philippe_barrette;TSB303;H2021
daphnee_longworth;naomie_aubut;TSB303;H2021
daphnee_longworth;madyson_mclean;TSB303;H2021
daphnee_longworth;yuriko_archambault;TSB303;H2021
daphnee_longworth;marie-eve_gagne;TSB303;H2021
marilou_cournoyer;philippe_barrette;ZOO105;H2021
marilou_cournoyer;naomie_aubut;ZOO105;H2021
philippe_barrette;marilou_cournoyer;ZOO105;H2021
philippe_barrette;naomie_aubut;ZOO105;H2021
naomie_aubut;marilou_cournoyer;ZOO105;H2021
naomie_aubut;philippe_barrette;ZOO105;H2021
marilou_cournoyer;philippe_barrette;ZOO307;H2021
marilou_cournoyer;naomie_aubut;ZOO307;H2021
philippe_barrette;marilou_cournoyer;ZOO307;H2021
philippe_barrette;naomie_aubut;ZOO307;H2021
naomie_aubut;marilou_cournoyer;ZOO307;H2021
naomie_aubut;philippe_barrette;ZOO307;H2021
marilou_cournoyer;naomie_aubut;BIO300;A2021
naomie_aubut;marilou_cournoyer;BIO300;A2021
marilou_cournoyer;philippe_barrette;ECL516;A2021
marilou_cournoyer;naomie_aubut;ECL516;A2021
philippe_barrette;marilou_cournoyer;ECL516;A2021
philippe_barrette;naomie_aubut;ECL516;A2021
naomie_aubut;marilou_cournoyer;ECL516;A2021
naomie_aubut;philippe_barrette;ECL516;A2021
marilou_cournoyer;philippe_barrette;ECL527;A2021
marilou_cournoyer;roxanne_bernier;ECL527;A2021
marilou_cournoyer;denya_berard;ECL527;A2021
marilou_cournoyer;nicolas_pelletier;ECL527;A2021
philippe_barrette;marilou_cournoyer;ECL527;A2021
philippe_barrette;roxanne_bernier;ECL527;A2021
philippe_barrette;denya_berard;ECL527;A2021
philippe_barrette;nicolas_pelletier;ECL527;A2021
roxanne_bernier;marilou_cournoyer;ECL527;A2021
roxanne_bernier;philippe_barrette;ECL527;A2021
roxanne_bernier;denya_berard;ECL527;A2021
roxanne_bernier;nicolas_pelletier;ECL527;A2021
denya_berard;marilou_cournoyer;ECL527;A2021
denya_berard;philippe_barrette;ECL527;A2021
denya_berard;roxanne_bernier;ECL527;A2021
denya_berard;nicolas_pelletier;ECL527;A2021
nicolas_pelletier;marilou_cournoyer;ECL527;A2021
nicolas_pelletier;philippe_barrette;ECL527;A2021
nicolas_pelletier;roxanne_bernier;ECL527;A2021
nicolas_pelletier;denya_berard;ECL527;A2021
marilou_cournoyer;naomie_aubut;ECL403;E2022
marilou_cournoyer;philippe_barrette;ECL403;E2022
naomie_aubut;marilou_cournoyer;ECL403;E2022
naomie_aubut;philippe_barrette;ECL403;E2022
philippe_barrette;marilou_cournoyer;ECL403;E2022
philippe_barrette;naomie_aubut;ECL403;E2022
marilou_cournoyer;philippe_barrette;ECL404;E2022
marilou_cournoyer;naomie_aubut;ECL404;E2022
philippe_barrette;marilou_cournoyer;ECL404;E2022
philippe_barrette;naomie_aubut;ECL404;E2022
naomie_aubut;marilou_cournoyer;ECL404;E2022
naomie_aubut;philippe_barrette;ECL404;E2022
marilou_cournoyer;philippe_barrette;ECL406;E2022
philippe_barrette;marilou_cournoyer;ECL406;E2022
marilou_cournoyer;naomie_aubut;ECL522;E2022
marilou_cournoyer;roxanne_bernier;ECL522;E2022
naomie_aubut;marilou_cournoyer;ECL522;E2022
naomie_aubut;roxanne_bernier;ECL522;E2022
roxanne_bernier;marilou_cournoyer;ECL522;E2022
roxanne_bernier;naomie_aubut;ECL522;E2022
marilou_cournoyer;denya_berard;ECL615;E2022
marilou_cournoyer;roxanne_bernier;ECL615;E2022
marilou_cournoyer;marie-christine_arseneau;ECL615;E2022
denya_berard;marilou_cournoyer;ECL615;E2022
denya_berard;roxanne_bernier;ECL615;E2022
denya_berard;marie-christine_arseneau;ECL615;E2022
roxanne_bernier;marilou_cournoyer;ECL615;E2022
roxanne_bernier;denya_berard;ECL615;E2022
roxanne_bernier;marie-christine_arseneau;ECL615;E2022
marie-christine_arseneau;marilou_cournoyer;ECL615;E2022
marie-christine_arseneau;denya_berard;ECL615;E2022
marie-christine_arseneau;roxanne_bernier;ECL615;E2022
marilou_cournoyer;francis_boily;BIO401;H2023
francis_boily;marilou_cournoyer;BIO401;H2023
marilou_cournoyer;francis_boily;BIO500;H2023
marilou_cournoyer;camille_gagnon;BIO500;H2023
marilou_cournoyer;nicolas_beaudoin;BIO500;H2023
francis_boily;marilou_cournoyer;BIO500;H2023
francis_boily;camille_gagnon;BIO500;H2023
francis_boily;nicolas_beaudoin;BIO500;H2023
camille_gagnon;marilou_cournoyer;BIO500;H2023
camille_gagnon;francis_boily;BIO500;H2023
camille_gagnon;nicolas_beaudoin;BIO500;H2023
nicolas_beaudoin;marilou_cournoyer;BIO500;H2023
nicolas_beaudoin;francis_boily;BIO500;H2023
nicolas_beaudoin;camille_gagnon;BIO500;H2023
marilou_cournoyer;naomie_aubut;BOT400;H2023
naomie_aubut;marilou_cournoyer;BOT400;H2023
nicolas_beaudoin;frederic_laberge;BCM104;H2021
frederic_laberge;nicolas_beaudoin;BCM104;H2021
nicolas_beaudoin;rosalie_gagnon;BCM104;H2021
rosalie_gagnon;nicolas_beaudoin;BCM104;H2021
nicolas_beaudoin;francis_boily;BCM104;H2021
nicolas_beaudoin;beatrice_dupuis;BCM104;H2021
beatrice_dupuis;nicolas_beaudoin;BCM104;H2021
nicolas_beaudoin;samuel_beaulac;BCM104;H2021
samuel_beaulac;nicolas_beaudoin;BCM104;H2021
nicolas_beaudoin;marie_eve_gagne;BCM104;H2021
marie_eve_gagne;nicolas_beaudoin;BCM104;H2021
nicolas_beaudoin;daphnee_longworth;BCM104;H2021
daphnee_longworth;nicolas_beaudoin;BCM104;H2021
nicolas_beaudoin;samuel_beaulac;BCM113;H2021
samuel_beaulac;nicolas_beaudoin;BCM113;H2021
nicolas_beaudoin;beatrice_dupuis;BIO109;H2021
beatrice_dupuis;nicolas_beaudoin;BIO109;H2021
nicolas_beaudoin;xavier_samson;BIO109;H2021
savier_samson;nicolas_beaudoin;BIO109;H2021
nicolas_beaudoin;camille_gagnon;BIO109;H2021
nicolas_beaudoin;frederic_laberge;MCB101;H2021
frederic_laberge;nicolas_beaudoin;MCB101;H2021
nicolas_beaudoin;beatrice_dupuis;TSB303;H2021
beatrice_dupuis;nicolas_beaudoin;TSB303;H2021
nicolas_beaudoin;frederic_laberge;TSB303;H2021
frederic_laberge;nicolas_beaudoin;TSB303;H2021
nicolas_beaudoin;philippe_leonard_dufour;TSB303;H2021
philippe_leonard_dufour;nicolas_beaudoin;TSB303;H2021
nicolas_beaudoin;camille_gagnon;TSB303;H2021
nicolas_beaudoin;charles_wu;TSB303;H2021
charles_wu;nicolas_beaudoin;TSB303;H2021
nicolas_beaudoin;samuel_beaulac;TSB303;H2021
samuel_beaulac;nicolas_beaudoin;TSB303;H2021
nicolas_beaudoin;rosalie_gagnon;ZOO105;H2021
rosalie_gagnon;nicolas_beaudoin;ZOO105;H2021
nicolas_beaudoin;francis_boily;ZOO105;H2021
nicolas_beaudoin;francis_boily;ZOO307;H2021
nicolas_beaudoin;camille_gagnon;ZOO307;H2021
nicolas_beaudoin;camille_gagnon;BIO300;A2021
nicolas_beaudoin;camille_gagnon;ECL516;A2021
nicolas_beaudoin;rosalie_gagnon;ECL516;A2021
rosalie_gagnon;nicolas_beaudoin;ECL516;A2021
nicolas_beaudoin;francis_boily;ECL516;A2021
nicolas_beaudoin;camille_gagnon;ECL527;A2021
nicolas_beaudoin;rosalie_gagnon;ECL527;A2021
rosalie_gagnon;nicolas_beaudoin;ECL527;A2021
nicolas_beaudoin;beatrice_dupuis;ECL527;A2021
beatrice_dupuis;nicolas_beaudoin;ECL527;A2021
nicolas_beaudoin;frederic_laberge;ECL527;A2021
frederic_laberge;nicolas_beaudoin;ECL527;A2021
nicolas_beaudoin;francis_boily;ECL527;A2021
nicolas_beaudoin;mia_carriere;ECL530;A2021
mia_carriere;nicolas_beaudoin;ECL530;A2021
nicolas_beaudoin;francis_boily;ECL403;E2022
nicolas_beaudoin;rosalie_gagnon;ECL403;E2022
rosalie_gagnon;nicolas_beaudoin;ECL403;E2022
nicolas_beaudoin;frederic_laberge;ECL403;E2022
frederic_laberge;nicolas_beaudoin;ECL403;E2022
nicolas_beaudoin;camille_gagnon;ECL403;E2022
nicolas_beaudoin;camille_gagnon;ECL404;E2022
nicolas_beaudoin;francis_boily;ECL404;E2022
nicolas_beaudoin;camille_gagnon;ECL406;E2022
nicolas_beaudoin;frederic_laberge;ECL406;E2022
frederic_laberge;nicolas_beaudoin;ECL406;E2022
nicolas_beaudoin;frederic_laberge;ECL515;E2022
frederic_laberge;nicolas_beaudoin;ECL515;E2022
nicolas_beaudoin;camille_gagnon;ECL615;E2022
nicolas_beaudoin;francis_boily;ECL615;E2022
nicolas_beaudoin;cassandra_godin;ECL615;E2022
cassandra_godin;nicolas_beaudoin;ECL615;E2022
nicolas_beaudoin;frederic_laberge;ECL615;E2022
frederic_laberge;nicolas_beaudoin;ECL615;E2022
nicolas_beaudoin;camille_gagnon;ENT101;E2022
nicolas_beaudoin;francis_boily;ENT101;E2022
nicolas_beaudoin;rosalie_gagnon;ENT101;E2022
rosalie_gagnon;nicolas_beaudoin;ENT101;E2022
nicolas_beaudoin;eloise_bernier;BOT400;H2023
eloise_bernier;nicolas_beaudoin;BOT400;H2023
nicolas_beaudoin;camille_gagnon;BIO500;H2023
nicolas_beaudoin;francis_boily;BIO500;H2023
nicolas_beaudoin;marilou_cournoyer;BIO500;H2023
nicolas_beaudoin;frederic_laberge;ECL603;H2023
nicolas_beaudoin;rosalie_gagnon;ECL603;H2023
nicolas_beaudoin;camille_gagnon;ECL603;H2023
nicolas_beaudoin;francis_boily;ECL603;H2023
nicolas_beaudoin;camille_gagnon;ECL610;H2023
nicolas_beaudoin;rosalie_gagnon;ECL610;H2023
rosalie_gagnon;nicolas_beaudoin;ECL610;H2023
nicolas_beaudoin;francis_boily;ECL610;H2023
nicolas_beaudoin;camille_gagnon;ENT102;H2023
nicolas_beaudoin;peneloppe_robert;INS154;H2023
peneloppe_robert;nicolas_beaudoin;INS154;H2023
francis_boily;rosalie_gagnon;BCM104;H2021
rosalie_gagnon;francis_boily;BCM104;H2021
francis_boily;camille_gagnon;BCM104;H2021
camille_gagnon;francis_boily;BCM104;H2021
rosalie_gagnon;camille_gagnon;BCM104;H2021
camille_gagnon;rosalie_gagnon;BCM104;H2021
francis_boily;beatrice_dupuis;BCM104;H2021
beatrice_dupuis;francis_boily;BCM104;H2021
beatrice_dupuis;rosalie_gagnon;BCM104;H2021
beatrice_dupuis;camille_gagnon;BCM104;H2021
camille_gagnon;beatrice_dupuis;BCM104;H2021
rosalie_gagnon;beatrice_dupuis;BCM104;H2021
francis_boily;rosalie_gagnon;BIO109;H2021
rosalie_gagnon;francis_boily;BIO109;H2021
francis_boily;rosalie_gagnon;TSB303;H2021
rosalie_gagnon;francis_boily;TSB303;H2021
francis_boily;naomie_morin;TSB303;H2021
naomie_morin;francis_boily;TSB303;H2021
francis_boily;karim_hamzaoui;TSB303;H2021
karim_hamzaoui;francis_boily;TSB303;H2021
karim_hamzaoui;naomie_morin;TSB303;H2021
karim_hamzaoui;rosalie_gagnon;TSB303;H2021
naomie_morin;rosalie_gagnon;TSB303;H2021
naomie_morin;karim_hamzaoui;TSB303;H2021
rosalie_gagnon;karim_hamzaoui;TSB303;H2021
rosalie_gagnon;naomie_morin;TSB303;H2021
francis_boily;rosalie_gagnon;ZOO105;H2021
rosalie_gagnon;francis_boily;ZOO105;H2021
francis_boily;nicolas_beaudoin;ZOO105;H2021
nicolas_beaudoin;francis_boily;ZOO105;H2021
nicolas_beaudoin;rosalie_gagnon;ZOO105;H2021
rosalie_gagnon;nicolas_beaudoin;ZOO105;H2021
francis_boily;peneloppe_robert;ZOO307;H2021
peneloppe_robert;francis_boily;ZOO307;H2021
francis_boily;rosalie_gagnon;ZOO307;H2021
rosalie_gagnon;francis_boily;ZOO307;H2021
rosalie_gagnon;peneloppe_robert;ZOO307;H2021
peneloppe_robert;rosalie_gagnon;ZOO307;H2021
francis_boily;rosalie_gagnon;BIO300;A2021
rosalie_gagnon;francis_boily;BIO300;A2021
francis_boily;rosalie_gagnon;ECL516;A2021
rosalie_gagnon;francis_boily;ECL516;A2021
francis_boily;camille_gagnon;ECL516;A2021
camille_gagnon;francis_boily;ECL516;A2021
francis_boily;nicolas_beaudoin;ECL516;A2021
nicolas_beaudoin;francis_boily;ECL516;A2021
rosalie_gagnon;nicolas_beaudoin;ECL516;A2021
rosalie_gagnon;camille_gagnon;ECL516;A2021
camille_gagnon;nicolas_beaudoin;ECL516;A2021
camille_gagnon;rosalie_gagnon;ECL516;A2021
nicolas_beaudoin;camille_gagnon;ECL516;A2021
nicolas_beaudoin;rosalie_gagnon;ECL516;A2021
francis_boily;nicolas_beaudoin;ECL403;E2022
nicolas_beaudoin;francis_boily;ECL403;E2022
francis_boily;camille_gagnon;ECL403;E2022
camille_gagnon;nicolas_beaudoin;ECL403;E2022
nicolas_beaudoin;camille_gagnon;ECL403;E2022
camille_gagnon;francis_boily;ECL403;E2022
francis_boily;rosalie_gagnon;ECL404;E2022
rosalie_gagnon;francis_boily;ECL404;E2022
francis_boily;beatrice_dupuis;ECL404;E2022
beatrice_dupuis;francis_boily;ECL404;E2022
rosalie_gagnon;beatrice_dupuis;ECL404;E2022
beatrice_dupuis;rosalie_gagnon;ECL404;E2022
francis_boily;rosalie_gagnon;ECL406;E2022
rosalie_gagnon;francis_boily;ECL406;E2022
francis_boily;rosalie_gagnon;ECL515;E2022
rosalie_gagnon;francis_boily;ECL515;E2022
francis_boily;camille_gagnon;ECL515;E2022
camille_gagnon;francis_boily;ECL515;E2022
rosalie_gagnon;camille_gagnon;ECL515;E2022
camille_gagnon;rosalie_gagnon;ECL515;E2022
francis_boily;rosalie_gagnon;ENT101;E2022
rosalie_gagnon;francis_boily;ENT101;E2022
francis_boily;camille_gagnon;ENT101;E2022
camille_gagnon;francis_boily;ENT101;E2022
francis_boily;nicolas_beaudoin;ENT101;E2022
nicolas_beaudoin;francis_boily;ENT101;E2022
rosalie_gagnon;camille_gagnon;ENT101;E2022
rosalie_gagnon;nicolas_beaudoin;ENT101;E2022
camille_gagnon;rosalie_gagnon;ENT101;E2022
camille_gagnon;nicolas_beaudoin;ENT101;E2022
nicolas_beaudoin;rosalie_gagnon;ENT101;E2022
nicolas_beaudoin;camille_gagnon;ENT101;E2022
francis_boily;marilou_cournoyer;BIO500;H2023
marilou_cournoyer;francis_boily;BIO500;H2023
francis_boily;camille_gagnon;BIO500;H2023
camille_gagnon;francis_boily;BIO500;H2023
francis_boily;nicolas_beaudoin;BIO500;H2023
nicolas_beaudoin;francis_boily;BIO500;H2023
marilou_cournoyer;camille_gagnon;BIO500;H2023
marilou_cournoyer;nicolas_beaudoin;BIO500;H2023
camille_gagnon;nicolas_beaudoin;BIO500;H2023
camille_gagnon;marilou_cournoyer;BIO500;H2023
nicolas_beaudoin;camille_gagnon;BIO500;H2023
nicolas_beaudoin;marilou_cournoyer;BIO500;H2023
francis_boily;cassandra_godin;BOT400;H2023
cassandra_godin;francis_boily;BOT400;H2023
francis_boily;rosalie_gagnon;ECL610;H2023
rosalie_gagnon;francis_boily;ECL610;H2023
francis_boily;camille_gagnon;ECL610;H2023
camille_gagnon;francis_boily;ECL610;H2023
francis_boily;nicolas_beaudoin;ECL610;H2023
nicolas_beaudoin;francis_boily;ECL610;H2023
rosalie_gagnon;camille_gagnon;ECL610;H2023
rosalie_gagnon;nicolas_beaudoin;ECL610;H2023
camille_gagnon;rosalie_gagnon;ECL610;H2023
camille_gagnon;nicolas_beaudoin;ECL610;H2023
nicolas_beaudoin;rosalie_gagnon;ECL610;H2023
nicolas_beaudoin;camille_gagnon;ECL610;H2023
francis_boily;rosalie_gagnon;ENT102;H2023
rosalie_gagnon;francis_boily;ENT102;H2023
