prenom_nom;prenom;nom;region_administrative;regime_coop;formation_prealable;annee_debut;programme
nicolas_beaudoin;nicolas;beaudoin;monteregie;VRAI;preuniversitaire;H2020;269000
francis_boily;francis;boily;monteregie;VRAI;preuniversitaire;A2020;269000
marilou_cournoyer;marilou;cournoyer;monteregie;VRAI;preuniversitaire;A2020;269000
camille_gagnon;camille;gagnon;monteregie;FAUX;preuniversitaire;A2019;269000
rosalie_gagnon;rosalie;gagnon;saguenay-lac-saint-jean;VRAI;preuniversitaire;A2020;269000
beatrice_dupuis;beatrice;dupuis;monteregie;VRAI;preuniversitaire;H2020;269000
frederic_laberge;frederic;laberge;mauricie;VRAI;technique;H2020;269000
philippe_leonard-dufour;philippe;leonard-dufour;monteregie;FAUX;preuniversitaire;H2020;267000
camille_daze;camille;daze;NA;NA;NA;NA;269000
laurie_bonneville;laurie;bonneville;NA;NA;NA;NA;269000
sabrina_artuza;sabrina;artuza;NA;NA;NA;NA;269000
daphnee_lalonde;daphnee;lalonde;lanaudiere;VRAI;preuniversitaire;A2019;269000
gabrielle_racine;gabrielle;racine;lanaudiere;VRAI;preuniversitaire;A2019;269000
veldon-james_laurie;veldon-james;laurie;estrie;VRAI;preuniversitaire;A2019;269000
felix-antoine_lacasse;felix-antoine;lacasse;bas-st-laurent;NA;NA;NA;224000
ayman_hajji;ayman;hajji;NA;NA;NA;NA;224000
alexandre_st-georges;alexandre;st-georges;NA;NA;NA;NA;224000
cassandra_godin;cassandra;godin;outaouais;VRAI;preuniversitaire;E2021;269000
mia_carriere;mia;carriere;NA;NA;NA;NA;269000
xavier_samson;xavier;samson;NA;NA;NA;NA;NA
samuel_beaulac;samuel;beaulac;NA;NA;NA;NA;NA
daphnee_longworth;daphnee;longworth;NA;NA;NA;NA;269000
charles_wu;charles;wu;NA;NA;NA;NA;NA
peneloppe_robert;peneloppe;robert;capitale-nationale;VRAI;NA;NA;269000
yannick_sageau;yannick;sageau;NA;VRAI;preuniversitaire;A2020;269000
philippe_barrette;philippe;barrette;NA;NA;NA;NA;NA
gabrielle_beauchesne;gabrielle;beauchesne;NA;NA;NA;NA;NA
yannick_sageau;yannick;sageau;NA;NA;NA;NA;NA
sabrina_leclercq;sabrina;leclercq;NA;NA;NA;NA;NA
marie_bughin;marie;bughin;NA;NA;NA;NA;NA
naomie_aubut;naomie;aubut;monteregie;VRAI;preuniversitaire;A2020;205000
philippe_bourassa;philippe;bourassa;NA;NA;NA;NA;NA
madyson_mclean;madyson;mclean;NA;NA;NA;NA;NA
yuriko_archambault;yuriko;archambault;NA;NA;NA;NA;NA
marie-eve_gagne;marie-eve;gagne;NA;NA;NA;NA;NA
roxanne_bernier;roxanne;bernier;NA;NA;NA;NA;NA
denya_berard;denya;berard;NA;NA;NA;NA;NA
nicolas_pelletier;nicolas;pelletier;NA;NA;NA;NA;NA
marie-christine_arseneau;marie-christine;arseneau;NA;NA;NA;NA;NA
