etudiant1;etudiant2;sigle;session
magalie_bosse;ally_champoux;BCL102;A2020
ally_champoux;magalie_bosse;BCL102;A2020
magalie_bosse;amelie_pelletier;BCM104;H2021
amelie_pelletier;magalie_bosse;BCM104;H2021
amelie_pelletier;catherine_grondin;BCM104;H2021
catherine_grondin;amelie_pelletier;BCM104;H2021
amelie_pelletier;samuel_lajeunesse;BCM104;H2021
samuel_lajeunesse;amelie_pelletier;BCM104;H2021
amelie_pelletier;viviane_bonischot;BCM104;H2021
viviane_bonischot;amelie_pelletier;BCM104;H2021
amelie_pelletier;juliette_larrivee;BCM104;H2021
juliette_larrivee;amelie_pelletier;BCM104;H2021
amelie_pelletier;elizabeth_mcgrath;BCM104;H2021
elizabeth_mcgrath;amelie_pelletier;BCM104;H2021
amelie_pelletier;marie-christine_arseneau;BCM104;H2021
marie-christine_arseneau;amelie_pelletier;BCM104;H2021
magalie_bosse;catherine_grondin;BCM104;H2021
catherine_grondin;magalie_bosse;BCM104;H2021
magalie_bosse;samuel_lajeunesse;BCM104;H2021
samuel_lajeunesse;magalie_bosse;BCM104;H2021
magalie_bosse;viviane_bonischot;BCM104;H2021
viviane_bonischot;magalie_bosse;BCM104;H2021
magalie_bosse;juliette_larrivee;BCM104;H2021
juliette_larrivee;magalie_bosse;BCM104;H2021
magalie_bosse;elizabeth_mcgrath;BCM104;H2021
elizabeth_mcgrath;magalie_bosse;BCM104;H2021
magalie_bosse;marie-christine_arseneau;BCM104;H2021
marie-christine_arseneau;magalie_bosse;BCM104;H2021
catherine_grondin;samuel_lajeunesse;BCM104;H2021
samuel_lajeunesse;catherine_grondin;BCM104;H2021
catherine_grondin;viviane_bonischot;BCM104;H2021
viviane_bonischot;catherine_grondin;BCM104;H2021
catherine_grondin;elizabeth_mcgrath;BCM104;H2021
elizabeth_mcgrath;catherine_grondin;BCM104;H2021
catherine_grondin;marie-christine_arseneau;BCM104;H2021
marie-christine_arseneau;catherine_grondin;BCM104;H2021
catherine_grondin;juliette_larrivee;BCM104;H2021
juliette_larrivee;catherine_grondin;BCM104;H2021
samuel_lajeunesse;viviane_bonischot;BCM104;H2021
viviane_bonischot;samuel_lajeunesse;BCM104;H2021
samuel_lajeunesse;elizabeth_mcgrath;BCM104;H2021
elizabeth_mcgrath;samuel_lajeunesse;BCM104;H2021
samuel_lajeunesse;marie-christine_arseneau;BCM104;H2021
marie-christine_arseneau;samuel_lajeunesse;BCM104;H2021
samuel_lajeunesse;juliette_larrivee;BCM104;H2021
juliette_larrivee;samuel_lajeunesse;BCM104;H2021
viviane_bonischot;elizabeth_mcgrath;BCM104;H2021
elizabeth_mcgrath;viviane_bonischot;BCM104;H2021
viviane_bonischot;marie-christine_arseneau;BCM104;H2021
marie-christine_arseneau;viviane_bonischot;BCM104;H2021
viviane_bonischot;juliette_larrivee;BCM104;H2021
juliette_larrivee;viviane_bonischot;BCM104;H2021
elizabeth_mcgrath;marie-christine_arseneau;BCM104;H2021
marie-christine_arseneau;elizabeth_mcgrath;BCM104;H2021
elizabeth_mcgrath;juliette_larrivee;BCM104;H2021
juliette_larrivee;elizabeth_mcgrath;BCM104;H2021
marie-christine_arseneau;juliette_larrivee;BCM104;H2021
juliette_larrivee;marie-christine_arseneau;BCM104;H2021
gabrielle_beauchesne;marilou_cournoyer;BCM104;H2021
marilou_cournoyer;gabrielle_beauchesne;BCM104;H2021
gabrielle_beauchesne;yannick_sageau;BCM104;H2021
yannick_sageau;gabrielle_beauchesne;BCM104;H2021
gabrielle_beauchesne;sabrina_leclercq;BCM104;H2021
sabrina_leclercq;gabrielle_beauchesne;BCM104;H2021
gabrielle_beauchesne;marie_bughin;BCM104;H2021
marie_bughin;gabrielle_beauchesne;BCM104;H2021
marilou_cournoyer;yannick_sageau;BCM104;H2021
yannick_sageau;marilou_cournoyer;BCM104;H2021
marilou_cournoyer;sabrina_leclercq;BCM104;H2021
sabrina_leclercq;marilou_cournoyer;BCM104;H2021
marilou_cournoyer;marie_bughin;BCM104;H2021
marie_bughin;marilou_cournoyer;BCM104;H2021
yannick_sageau;sabrina_leclercq;BCM104;H2021
sabrina_leclercq;yannick_sageau;BCM104;H2021
yannick_sageau;marie_bughin;BCM104;H2021
marie_bughin;yannick_sageau;BCM104;H2021
sabrina_leclercq;marie_bughin;BCM104;H2021
marie_bughin;sabrina_leclercq;BCM104;H2021
magalie_bosse;ally_champoux;BCM112;A2020
ally_champoux;magalie_bosse;BCM112;A2020
amelie_pelletier;magalie_bosse;BCM113;H2021
magalie_bosse;amelie_pelletier;BCM113;H2021
gabrielle_beauchesne;marie_bughin;BCM113;H2021
marie_bughin;gabrielle_beauchesne;BCM113;H2021
gabrielle_beauchesne;emy_lemay;BCM113;H2021
emy_lemay;gabrielle_beauchesne;BCM113;H2021
magalie_bosse;amelie_pelletier;BIO101;H2021
amelie_pelletier;magalie_bosse;BIO101;H2021
magalie_bosse;amelie_pelletier;BIO109;H2021
amelie_pelletier;magalie_bosse;BIO109;H2021
amelie_pelletier;catherine_grondin;BIO109;H2021
catherine_grondin;amelie_pelletier;BIO109;H2021
amelie_pelletier;samuel_lajeunesse;BIO109;H2021
samuel_lajeunesse;amelie_pelletier;BIO109;H2021
magalie_bosse;samuel_lajeunesse;BIO109;H2021
samuel_lajeunesse;magalie_bosse;BIO109;H2021
magalie_bosse;catherine_grondin;BIO109;H2021
catherine_grondin;magalie_bosse;BIO109;H2021
gabrielle_beauchesne;marie_bughin;BIO109;H2021
marie_bughin;gabrielle_beauchesne;BIO109;H2021
magalie_bosse;amelie_pelletier;BIO300;A2021
amelie_pelletier;magalie_bosse;BIO300;A2021
gabrielle_beauchesne;marie_bughin;BIO300;A2021
marie_bughin;gabrielle_beauchesne;BIO300;A2021
amelie_pelletier;marilou_cournoyer;BIO301;H2023
marilou_cournoyer;amelie_pelletier;BIO301;H2023
amelie_pelletier;marie-christine_arseneau;BIO301;H2023
marie-christine_arseneau;amelie_pelletier;BIO301;H2023
amelie_pelletier;magalie_bosse;BIO500;H2023
amelie_pelletier;gabrielle_beauchesne;BIO500;H2023
magalie_bosse;amelie_pelletier;BIO500;H2023
magalie_bosse;gabrielle_beauchesne;BIO500;H2023
gabrielle_beauchesne;amelie_pelletier;BIO500;H2023
gabrielle_beauchesne;magalie_bosse;BIO500;H2023
magalie_bosse;ally_champoux;BOT106;A2020
ally_champoux;magalie_bosse;BOT106;A2020
amelie_pelletier;magalie_bosse;BOT400;H2023
magalie_bosse;amelie_pelletier;BOT400;H2023
gabrielle_beauchesne;marie-christine_arseneau;BOT400;H2023
marie-christine_arseneau;gabrielle_beauchesne;BOT400;H2023
magalie_bosse;amelie_pelletier;BOT512;E2022
amelie_pelletier;magalie_bosse;BOT512;E2022
magalie_bosse;naomie_aubut;BOT512;E2022
naomie_aubut;magalie_bosse;BOT512;E2022
magalie_bosse;gabrielle_beauchesne;BOT512;E2022
gabrielle_beauchesne;magalie_bosse;BOT512;E2022
magalie_bosse;marilou_cournoyer;BOT512;E2022
marilou_cournoyer;magalie_bosse;BOT512;E2022
gabrielle_beauchesne;amelie_pelletier;BOT512;E2022
amelie_pelletier;gabrielle_beauchesne;BOT512;E2022
magalie_bosse;ally_champoux;COR200;A2020
ally_champoux;magalie_bosse;COR200;A2020
magalie_bosse;ally_champoux;ECL110;A2020
ally_champoux;magalie_bosse;ECL110;A2020
gabrielle_beauchesne;marie_bughin;ECL110;A2020
marie_bughin;gabrielle_beauchesne;ECL110;A2020
amelie_pelletier;magalie_bosse;ECL115;A2020
amelie_pelletier;catherine_grondin;ECL115;A2020
catherine_grondin;amelie_pelletier;ECL115;A2020
magalie_bosse;amelie_pelletier;ECL115;A2020
magalie_bosse;catherine_grondin;ECL115;A2020
catherine_grondin;magalie_bosse;ECL115;A2020
gabrielle_beauchesne;marie_bughin;ECL115;A2020
marie_bughin;gabrielle_beauchesne;ECL115;A2020
gabrielle_beauchesne;marilou_cournoyer;ECL115;A2020
marilou_cournoyer;gabrielle_beauchesne;ECL115;A2020
magalie_bosse;marilou_cournoyer;ECL115;A2020
marilou_cournoyer;magalie_bosse;ECL115;A2020
magalie_bosse;charles_boudreau;ECL115;A2020
charles_boudreau;magalie_bosse;ECL115;A2020
amelie_pelletier;magalie_bosse;ECL116;A2020
amelie_pelletier;catherine_grondin;ECL116;A2020
catherine_grondin;amelie_pelletier;ECL116;A2020
magalie_bosse;amelie_pelletier;ECL116;A2020
magalie_bosse;catherine_grondin;ECL116;A2020
catherine_grondin;magalie_bosse;ECL116;A2020
amelie_pelletier;catherine_grondin;ECL117;H2021
catherine_grondin;amelie_pelletier;ECL117;H2021
magalie_bosse;marilou_cournoyer;ECL117;H2021
marilou_cournoyer;magalie_bosse;ECL117;H2021
magalie_bosse;marilou_cournoyer;ECL215;E2022
marilou_cournoyer;magalie_bosse;ECL215;E2022
magalie_bosse;denya_berard;ECL215;E2022
denya_berard;magalie_bosse;ECL215;E2022
magalie_bosse;gabrielle_beauchesne;ECL215;E2022
gabrielle_beauchesne;magalie_bosse;ECL215;E2022
magalie_bosse;amelie_pelletier;ECL215;E2022
amelie_pelletier;magalie_bosse;ECL215;E2022
magalie_bosse;roxanne_bernier;ECL215;E2022
roxanne_bernier;magalie_bosse;ECL215;E2022
magalie_bosse;amelie_pelletier;ECL216;H2023
amelie_pelletier;magalie_bosse;ECL216;H2023
magalie_bosse;gabrielle_beauchesne;ECL216;H2023
gabrielle_beauchesne;magalie_bosse;ECL216;H2023
magalie_bosse;denya_berard;ECL216;H2023
denya_berard;magalie_bosse;ECL216;H2023
magalie_bosse;marilou_cournoyer;ECL216;H2023
marilou_cournoyer;magalie_bosse;ECL216;H2023
magalie_bosse;roxanne_bernier;ECL216;H2023
roxanne_bernier;magalie_bosse;ECL216;H2023
amelie_pelletier;denya_berard;ECL216;H2023
denya_berard;amelie_pelletier;ECL216;H2023
roxanne_bernier;amelie_pelletier;ECL216;H2023
amelie_pelletier;roxanne_bernier;ECL216;H2023
denya_berard;roxanne_bernier;ECL216;H2023
amelie_pelletier;magalie_bosse;ECL403;E2022
magalie_bosse;amelie_pelletier;ECL403;E2022
magalie_bosse;gabrielle_beauchesne;ECL403;E2022
gabrielle_beauchesne;amelie_pelletier;ECL403;E2022
gabrielle_beauchesne;magalie_bosse;ECL403;E2022
amelie_pelletier;gabrielle_beauchesne;ECL403;E2022
amelie_pelletier;roxanne_bernier;ECL404;E2022
roxanne_bernier;amelie_pelletier;ECL404;E2022
amelie_pelletier;gabrielle_beauchesne;ECL404;E2022
gabrielle_beauchesne;amelie_pelletier;ECL404;E2022
roxanne_bernier;gabrielle_beauchesne;ECL404;E2022
gabrielle_beauchesne;roxanne_bernier;ECL404;E2022
magalie_bosse;denya_berard;ECL404;E2022
denya_berard;magalie_bosse;ECL404;E2022
magalie_bosse;marie-christine_arseneau;ECL404;E2022
marie-christine_arseneau;magalie_bosse;ECL404;E2022
denya_berard;marie-christine_arseneau;ECL404;E2022
marie-christine_arseneau;denya_berard;ECL404;E2022
amelie_pelletier;magalie_bosse;ECL406;E2022
magalie_bosse;amelie_pelletier;ECL406;E2022
gabrielle_beauchesne;marie-christine_arseneau;ECL406;E2022
marie-christine_arseneau;gabrielle_beauchesne;ECL406;E2022
magalie_bosse;amelie_pelletier;ECL510;A2021
amelie_pelletier;magalie_bosse;ECL510;A2021
gabrielle_beauchesne;marie_bughin;ECL510;A2021
marie_bughin;gabrielle_beauchesne;ECL510;A2021
amelie_pelletier;magalie_bosse;ECL515;E2022
magalie_bosse;amelie_pelletier;ECL515;E2022
amelie_pelletier;gabrielle_beauchesne;ECL515;E2022
gabrielle_beauchesne;amelie_pelletier;ECL515;E2022
amelie_pelletier;marie-christine_arseneau;ECL515;E2022
marie-christine_arseneau;amelie_pelletier;ECL515;E2022
magalie_bosse;gabrielle_beauchesne;ECL515;E2022
gabrielle_beauchesne;magalie_bosse;ECL515;E2022
magalie_bosse;marie-christine_arseneau;ECL515;E2022
marie-christine_arseneau;magalie_bosse;ECL515;E2022
gabrielle_beauchesne;marie-christine_arseneau;ECL515;E2022
marie-christine_arseneau;gabrielle_beauchesne;ECL515;E2022
amelie_pelletier;magalie_bosse;ECL516;A2021
magalie_bosse;amelie_pelletier;ECL516;A2021
amelie_pelletier;gabrielle_beauchesne;ECL516;A2021
gabrielle_beauchesne;amelie_pelletier;ECL516;A2021
amelie_pelletier;marie_bughin;ECL516;A2021
marie_bughin;amelie_pelletier;ECL516;A2021
magalie_bosse;gabrielle_beauchesne;ECL516;A2021
gabrielle_beauchesne;magalie_bosse;ECL516;A2021
magalie_bosse;marie_bughin;ECL516;A2021
marie_bughin;magalie_bosse;ECL516;A2021
gabrielle_beauchesne;marie_bughin;ECL516;A2021
marie_bughin;gabrielle_beauchesne;ECL516;A2021
amelie_pelletier;gabrielle_beauchesne;ECL522;E2022
gabrielle_beauchesne;amelie_pelletier;ECL522;E2022
amelie_pelletier;marie-christine_arseneau;ECL522;E2022
marie-christine_arseneau;amelie_pelletier;ECL522;E2022
gabrielle_beauchesne;marie-christine_arseneau;ECL522;E2022
marie-christine_arseneau;gabrielle_beauchesne;ECL522;E2022
amelie_pelletier;magalie_bosse;ECL527;A2021
magalie_bosse;amelie_pelletier;ECL527;A2021
amelie_pelletier;gabrielle_beauchesne;ECL527;A2021
gabrielle_beauchesne;amelie_pelletier;ECL527;A2021
amelie_pelletier;marie_bughin;ECL527;A2021
marie_bughin;amelie_pelletier;ECL527;A2021
magalie_bosse;gabrielle_beauchesne;ECL527;A2021
gabrielle_beauchesne;magalie_bosse;ECL527;A2021
magalie_bosse;marie_bughin;ECL527;A2021
marie_bughin;magalie_bosse;ECL527;A2021
gabrielle_beauchesne;marie_bughin;ECL527;A2021
marie_bughin;gabrielle_beauchesne;ECL527;A2021
magalie_bosse;naomie_aubut;ECL535;E2022
naomie_aubut;magalie_bosse;ECL535;E2022
magalie_bosse;philippe_barrette;ECL535;E2022
philippe_barrette;magalie_bosse;ECL535;E2022
naomie_aubut;philippe_barrette;ECL535;E2022
philippe_barrette;naomie_aubut;ECL535;E2022
gabrielle_beauchesne;philippe_barrette;ECL603;H2023
philippe_barrette;gabrielle_beauchesne;ECL603;H2023
gabrielle_beauchesne;denya_berard;ECL603;H2023
denya_berard;gabrielle_beauchesne;ECL603;H2023
denya_berard;philippe_barrette;ECL603;H2023
philippe_barrette;denya_berard;ECL603;H2023
magalie_bosse;amelie_pelletier;ECL604;H2023
amelie_pelletier;magalie_bosse;ECL604;H2023
magalie_bosse;gabrielle_beauchesne;ECL604;H2023
gabrielle_beauchesne;amelie_pelletier;ECL604;H2023
amelie_pelletier;gabrielle_beauchesne;ECL604;H2023
gabrielle_beauchesne;magalie_bosse;ECL604;H2023
magalie_bosse;naomie_aubut;ECL606;H2023
naomie_aubut;magalie_bosse;ECL606;H2023
amelie_pelletier;magalie_bosse;ECL610;H2023
amelie_pelletier;gabrielle_beauchesne;ECL610;H2023
magalie_bosse;amelie_pelletier;ECL610;H2023
magalie_bosse;gabrielle_beauchesne;ECL610;H2023
gabrielle_beauchesne;magalie_bosse;ECL610;H2023
gabrielle_beauchesne;amelie_pelletier;ECL610;H2023
magalie_bosse;amelie_pelletier;ECL615;E2022
amelie_pelletier;magalie_bosse;ECL615;E2022
gabrielle_beauchesne;magalie_bosse;ECL615;E2022
magalie_bosse;gabrielle_beauchesne;ECL615;E2022
amelie_pelletier;gabrielle_beauchesne;ECL615;E2022
gabrielle_beauchesne;amelie_pelletier;ECL615;E2022
amelie_pelletier;roxanne_bernier;ECN109;H2023
roxanne_bernier;amelie_pelletier;ECN109;H2023
amelie_pelletier;loek_pascaud;ECN109;H2023
loek_pascaud;amelie_pelletier;ECN109;H2023
roxanne_bernier;loek_pascaud;ECN109;H2023
loek_pascaud;roxanne_bernier;ECN109;H2023
magalie_bosse;denya_berard;ENT102;H2023
denya_berard;magalie_bosse;ENT102;H2023
magalie_bosse;marie-christine_arseneau;ENT102;H2023
marie-christine_arseneau;magalie_bosse;ENT102;H2023
gabrielle_beauchesne;ally_champoux;GBI105;A2020
ally_champoux;gabrielle_beauchesne;GBI105;A2020
magalie_bosse;amelie_pelletier;GNT302;A2021
amelie_pelletier;magalie_bosse;GNT302;A2021
amelie_pelletier;magalie_bosse;INS154;H2023
amelie_pelletier;kassandra_mercier;INS154;H2023
kassandra_mercier;amelie_pelletier;INS154;H2023
magalie_bosse;amelie_pelletier;INS154;H2023
magalie_bosse;kassandra_mercier;INS154;H2023
kassandra_mercier;magalie_bosse;INS154;H2023
magalie_bosse;ally_champoux;MCB100;A2020
ally_champoux;magalie_bosse;MCB100;A2020
magalie_bosse;ariane_barrette;MCB101;A2020
ariane_barrette;magalie_bosse;MCB101;A2020
gabrielle_beauchesne;marie_bughin;MCB101;A2020
marie_bughin;gabrielle_beauchesne;MCB101;A2020
magalie_bosse;amelie_pelletier;PSL105;E2022
amelie_pelletier;magalie_bosse;PSL105;E2022
amelie_pelletier;magalie_bosse;TSB303;H2021
magalie_bosse;amelie_pelletier;TSB303;H2021
amelie_pelletier;catherine_grondin;TSB303;H2021
catherine_grondin;amelie_pelletier;TSB303;H2021
amelie_pelletier;juliette_larrivee;TSB303;H2021
juliette_larrivee;amelie_pelletier;TSB303;H2021
amelie_pelletier;katerie_bessette;TSB303;H2021
katerie_bessette;amelie_pelletier;TSB303;H2021
amelie_pelletier;sara_jade_lamontagne;TSB303;H2021
sara_jade_lamontagne;amelie_pelletier;TSB303;H2021
amelie_pelletier;sarah_pion;TSB303;H2021
sarah_pion;amelie_pelletier;TSB303;H2021
amelie_pelletier;vanessa_baillargeon;TSB303;H2021
vanessa_baillargeon;amelie_pelletier;TSB303;H2021
magalie_bosse;juliette_larrivee;TSB303;H2021
juliette_larrivee;magalie_bosse;TSB303;H2021
magalie_bosse;katerie_bessette;TSB303;H2021
katerie_bessette;magalie_bosse;TSB303;H2021
magalie_bosse;sara_jade_lamontagne;TSB303;H2021
sara_jade_lamontagne;magalie_bosse;TSB303;H2021
magalie_bosse;sarah_pion;TSB303;H2021
sarah_pion;magalie_bosse;TSB303;H2021
magalie_bosse;vanessa_baillargeon;TSB303;H2021
vanessa_baillargeon;magalie_bosse;TSB303;H2021
magalie_bosse;catherine_grondin;TSB303;H2021
catherine_grondin;magalie_bosse;TSB303;H2021
gabrielle_beauchesne;marilou_cournoyer;TSB303;H2021
marilou_cournoyer;gabrielle_beauchesne;TSB303;H2021
gabrielle_beauchesne;yannick_sageau;TSB303;H2021
yannick_sageau;gabrielle_beauchesne;TSB303;H2021
gabrielle_beauchesne;sabrina_leclercq;TSB303;H2021
sabrina_leclercq;gabrielle_beauchesne;TSB303;H2021
gabrielle_beauchesne;marie_bughin;TSB303;H2021
marie_bughin;gabrielle_beauchesne;TSB303;H2021
gabrielle_beauchesne;philippe_barrette;TSB303;H2021
philippe_barrette;gabrielle_beauchesne;TSB303;H2021
catherine_grondin;juliette_larrivee;TSB303;H2021
juliette_larrivee;catherine_grondin;TSB303;H2021
catherine_grondin;katerie_bessette;TSB303;H2021
katerie_bessette;catherine_grondin;TSB303;H2021
catherine_grondin;sara_jade_lamontagne;TSB303;H2021
sara_jade_lamontagne;catherine_grondin;TSB303;H2021
catherine_grondin;sarah_pion;TSB303;H2021
sarah_pion;catherine_grondin;TSB303;H2021
catherine_grondin;vanessa_baillargeon;TSB303;H2021
vanessa_baillargeon;catherine_grondin;TSB303;H2021
juliette_larrivee;katerie_bessette;TSB303;H2021
katerie_bessette;juliette_larrivee;TSB303;H2021
juliette_larrivee;sara_jade_lamontagne;TSB303;H2021
sara_jade_lamontagne;juliette_larrivee;TSB303;H2021
juliette_larrivee;sarah_pion;TSB303;H2021
sarah_pion;juliette_larrivee;TSB303;H2021
juliette_larrivee;vanessa_baillargeon;TSB303;H2021
vanessa_baillargeon;juliette_larrivee;TSB303;H2021
katerie_bessette;sara_jade_lamontagne;TSB303;H2021
sara_jade_lamontagne;katerie_bessette;TSB303;H2021
katerie_bessette;sarah_pion;TSB303;H2021
sarah_pion;katerie_bessette;TSB303;H2021
katerie_bessette;vanessa_baillargeon;TSB303;H2021
vanessa_baillargeon;katerie_bessette;TSB303;H2021
sara_jade_lamontagne;sarah_pion;TSB303;H2021
sarah_pion;sara_jade_lamontagne;TSB303;H2021
sara_jade_lamontagne;vanessa_baillargeon;TSB303;H2021
vanessa_baillargeon;sara_jade_lamontagne;TSB303;H2021
sarah_pion;vanessa_baillargeon;TSB303;H2021
vanessa_baillargeon;sarah_pion;TSB303;H2021
marilou_cournoyer;yannick_sageau;TSB303;H2021
yannick_sageau;marilou_cournoyer;TSB303;H2021
marilou_cournoyer;sabrina_leclercq;TSB303;H2021
sabrina_leclercq;marilou_cournoyer;TSB303;H2021
marilou_cournoyer;marie_bughin;TSB303;H2021
marie_bughin;marilou_cournoyer;TSB303;H2021
marilou_cournoyer;philippe_barrette;TSB303;H2021
philippe_barrette;marilou_cournoyer;TSB303;H2021
yannick_sageau;sabrina_leclercq;TSB303;H2021
sabrina_leclercq;yannick_sageau;TSB303;H2021
yannick_sageau;marie_bughin;TSB303;H2021
marie_bughin;yannick_sageau;TSB303;H2021
yannick_sageau;philippe_barrette;TSB303;H2021
philippe_barrette;yannick_sageau;TSB303;H2021
sabrina_leclercq;marie_bughin;TSB303;H2021
marie_bughin;sabrina_leclercq;TSB303;H2021
sabrina_leclercq;philippe_barrette;TSB303;H2021
philippe_barrette;sabrina_leclercq;TSB303;H2021
marie_bughin;philippe_barrette;TSB303;H2021
philippe_barrette;marie_bughin;TSB303;H2021
amelie_pelletier;magalie_bosse;ZOO105;H2021
amelie_pelletier;catherine_grondin;ZOO105;H2021
catherine_grondin;amelie_pelletier;ZOO105;H2021
magalie_bosse;amelie_pelletier;ZOO105;H2021
magalie_bosse;catherine_grondin;ZOO105;H2021
catherine_grondin;magalie_bosse;ZOO105;H2021
gabrielle_beauchesne;marie_bughin;ZOO105;H2021
marie_bughin;gabrielle_beauchesne;ZOO105;H2021
gabrielle_beauchesne;emy_lemay;ZOO105;H2021
emy_lemay;gabrielle_beauchesne;ZOO105;H2021
magalie_bosse;amelie_pelletier;ZOO106;H2021
amelie_pelletier;magalie_bosse;ZOO106;H2021
gabrielle_beauchesne;denya_berard;ZOO304;H2023
denya_berard;gabrielle_beauchesne;ZOO304;H2023
gabrielle_beauchesne;ariane_barrette;ZOO304;H2023
ariane_barrette;gabrielle_beauchesne;ZOO304;H2023
gabrielle_beauchesne;laurie-anne_cournoyer;ZOO304;H2023
laurie-anne_cournoyer;gabrielle_beauchesne;ZOO304;H2023
gabrielle_beauchesne;mael_gerin;ZOO304;H2023
mael_gerin;gabrielle_beauchesne;ZOO304;H2023
gabrielle_beauchesne;beatrice_dupuis;ZOO304;H2023
beatrice_dupuis;gabrielle_beauchesne;ZOO304;H2023
gabrielle_beauchesne;lea_maryns;ZOO304;H2023
lea_maryns;gabrielle_beauchesne;ZOO304;H2023
gabrielle_beauchesne;olivier_whitter;ZOO304;H2023
olivier_whitter;gabrielle_beauchesne;ZOO304;H2023
gabrielle_beauchesne;samuel_lajeunesse;ZOO304;H2023
denya_berard;beatrice_dupuis;ZOO304;H2023
denya_berard;laurie-anne_cournoyer;ZOO304;H2023
denya_berard;ariane_barrette;ZOO304;H2023
denya_berard;olivier_whitter;ZOO304;H2023
denya_berard;mael_gerin;ZOO304;H2023
denya_berard;lea_maryns;ZOO304;H2023
denya_berard;samuel_lajeunesse;ZOO304;H2023
beatrice_dupuis;denya_berard;ZOO304;H2023
beatrice_dupuis;laurie-anne_cournoyer;ZOO304;H2023
beatrice_dupuis;ariane_barrette;ZOO304;H2023
beatrice_dupuis;olivier_whitter;ZOO304;H2023
beatrice_dupuis;mael_gerin;ZOO304;H2023
beatrice_dupuis;lea_maryns;ZOO304;H2023
beatrice_dupuis;samuel_lajeunesse;ZOO304;H2023
laurie-anne_cournoyer;denya_berard;ZOO304;H2023
laurie-anne_cournoyer;beatrice_dupuis;ZOO304;H2023
laurie-anne_cournoyer;ariane_barrette;ZOO304;H2023
laurie-anne_cournoyer;olivier_whitter;ZOO304;H2023
laurie-anne_cournoyer;mael_gerin;ZOO304;H2023
laurie-anne_cournoyer;lea_maryns;ZOO304;H2023
laurie-anne_cournoyer;samuel_lajeunesse;ZOO304;H2023
ariane_barrette;denya_berard;ZOO304;H2023
ariane_barrette;beatrice_dupuis;ZOO304;H2023
ariane_barrette;laurie-anne_cournoyer;ZOO304;H2023
ariane_barrette;olivier_whitter;ZOO304;H2023
ariane_barrette;mael_gerin;ZOO304;H2023
ariane_barrette;lea_maryns;ZOO304;H2023
ariane_barrette;samuel_lajeunesse;ZOO304;H2023
olivier_whitter;denya_berard;ZOO304;H2023
olivier_whitter;beatrice_dupuis;ZOO304;H2023
olivier_whitter;laurie-anne_cournoyer;ZOO304;H2023
olivier_whitter;ariane_barrette;ZOO304;H2023
olivier_whitter;mael_gerin;ZOO304;H2023
olivier_whitter;lea_maryns;ZOO304;H2023
olivier_whitter;samuel_lajeunesse;ZOO304;H2023
mael_gerin;denya_berard;ZOO304;H2023
mael_gerin;beatrice_dupuis;ZOO304;H2023
mael_gerin;laurie-anne_cournoyer;ZOO304;H2023
mael_gerin;ariane_barrette;ZOO304;H2023
mael_gerin;olivier_whitter;ZOO304;H2023
mael_gerin;lea_maryns;ZOO304;H2023
mael_gerin;samuel_lajeunesse;ZOO304;H2023
lea_maryns;denya_berard;ZOO304;H2023
lea_maryns;beatrice_dupuis;ZOO304;H2023
lea_maryns;laurie-anne_cournoyer;ZOO304;H2023
lea_maryns;ariane_barrette;ZOO304;H2023
lea_maryns;olivier_whitter;ZOO304;H2023
lea_maryns;mael_gerin;ZOO304;H2023
lea_maryns;samuel_lajeunesse;ZOO304;H2023
samuel_lajeunesse;denya_berard;ZOO304;H2023
samuel_lajeunesse;beatrice_dupuis;ZOO304;H2023
samuel_lajeunesse;laurie-anne_cournoyer;ZOO304;H2023
samuel_lajeunesse;ariane_barrette;ZOO304;H2023
samuel_lajeunesse;olivier_whitter;ZOO304;H2023
samuel_lajeunesse;mael_gerin;ZOO304;H2023
samuel_lajeunesse;lea_maryns;ZOO304;H2023
magalie_bosse;samuel_lajeunesse;ZOO306;H2021
samuel_lajeunesse;magalie_bosse;ZOO306;H2021
magalie_bosse;catherine_grondin;ZOO306;H2021
catherine_grondin;magalie_bosse;ZOO306;H2021
samuel_lajeunesse;catherine_grondin;ZOO306;H2021
catherine_grondin;samuel_lajeunesse;ZOO306;H2021
magalie_bosse;catherine_grondin;ZOO307;H2021
catherine_grondin;magalie_bosse;ZOO307;H2021
magalie_bosse;amelie_pelletier;ZOO307;H2021
amelie_pelletier;magalie_bosse;ZOO307;H2021
gabrielle_beauchesne;marie_bughin;ZOO307;H2021
marie_bughin;gabrielle_beauchesne;ZOO307;H2021
