prenom_nom;prenom;nom;region_administrative;regime_coop;formation_prealable;annee_debut;programme
amelie_pelletier;amelie;pelletier;estrie;VRAI;preuniversitaire;A2020;269000
magalie_bosse;magalie;bosse;estrie;VRAI;preuniversitaire;A2020;269000
gabrielle_beauchesne;gabrielle;beauchesne;centre-du-quebec;VRAI;preuniversitaire;A2020;269000
ally_champoux;ally;champoux;NA;NA;NA;NA;NA
catherine_grondin;catherine;grondin;NA;NA;NA;NA;NA
samuel_lajeunesse;samuel;lajeunesse;NA;NA;NA;NA;NA
viviane_bonischot;viviane;bonischot;NA;NA;NA;NA;NA
juliette_larrivee;juliette;larrivee;NA;NA;NA;NA;NA
elizabeth_mcgrath;elizabeth;mcgrath;NA;NA;NA;NA;NA
marie-christine_arseneau;marie-christine;arseneau;NA;NA;NA;NA;NA
yannick_sageau;yannick;sageau;NA;NA;NA;NA;NA
sabrina_leclercq;sabrina;leclercq;NA;NA;NA;NA;NA
marie_bughin;marie;bughin;NA;NA;NA;NA;NA
emy_lemay;emy;lemay;NA;NA;NA;NA;NA
charles_boudreau;charles;boudreau;NA;NA;NA;NA;NA
denya_berard;denya;berard;NA;NA;NA;NA;NA
roxanne_bernier;roxanne;bernier;NA;NA;NA;NA;NA
naomie_aubut;naomie;aubut;NA;NA;NA;NA;NA
philippe_barrette;philippe;barrette;NA;NA;NA;NA;NA
marilou_cournoyer;marilou;cournoyer;NA;NA;NA;NA;NA
loek_pascaud;loek;pascaud;NA;NA;NA;NA;NA
kassandra_mercier;kassandra;mercier;NA;NA;NA;NA;NA
ariane_barrette;ariane;barrette;NA;NA;NA;NA;NA
katerie_bessette;katerie;bessette;NA;NA;NA;NA;NA
sarah_pion;sarah;pion;NA;NA;NA;NA;NA
sara_jade_lamontagne;sara_jade;lamontagne;NA;NA;NA;NA;NA
vanessa_baillargeon;vanessa;baillargeon;NA;NA;NA;NA;NA
kayla_trempe-kay;kayla;trempe-kay;NA;NA;NA;NA;NA
laurie-anne_cournoyer;laurie-anne;cournoyer;NA;NA;NA;NA;NA
mael_gerin;mael;gerin;NA;NA;NA;NA;NA
beatrice_dupuis;beatrice;dupuis;NA;NA;NA;NA;NA
lea_maryns;lea;maryns;NA;NA;NA;NA;NA
olivier_whitter;olivier;whitter;NA;NA;NA;NA;NA
