etudiant1;etudiant2;sigle;session
felix-olivier_dufour;mia_carriere;BIO109;H2021
felix-olivier_dufour;justine_labelle;BIO109;H2021
felix-olivier_dufour;juliette_meilleur;BIO109;H2021
mia_carriere;felix-olivier_dufour;BIO109;H2021
mia_carriere;justine_labelle;BIO109;H2021
mia_carriere;juliette_meilleur;BIO109;H2021
justine_labelle;felix-olivier_dufour;BIO109;H2021
justine_labelle;mia_carriere;BIO109;H2021
justine_labelle;juliette_meilleur;BIO109;H2021
juliette_meilleur;felix-olivier_dufour;BIO109;H2021
juliette_meilleur;mia_carriere;BIO109;H2021
juliette_meilleur;justine_labelle;BIO109;H2021
felix-olivier_dufour;mia_carriere;MCB101;H2021
mia_carriere;felix-olivier_dufour;MCB101;H2021
felix-olivier_dufour;simon_gregoire;BCM113;H2021
simon_gregoire;felix-olivier_dufour;BCM113;H2021
felix-olivier_dufour;justine_labelle;ZOO105;H2021
felix-olivier_dufour;juliette_meilleur;ZOO105;H2021
justine_labelle;felix-olivier_dufour;ZOO105;H2021
justine_labelle;juliette_meilleur;ZOO105;H2021
juliette_meilleur;justine_labelle;ZOO105;H2021
juliette_meilleur;felix-olivier_dufour;ZOO105;H2021
felix-olivier_dufour;justine_labelle;TSB303;H2021
felix-olivier_dufour;juliette_meilleur;TSB303;H2021
felix-olivier_dufour;mia_carriere;TSB303;H2021
felix-olivier_dufour;samuel_fortin;TSB303;H2021
felix-olivier_dufour;hugo_morin-brassard;TSB303;H2021
justine_labelle;felix-olivier_dufour;TSB303;H2021
justine_labelle;juliette_meilleur;TSB303;H2021
justine_labelle;mia_carriere;TSB303;H2021
justine_labelle;samuel_fortin;TSB303;H2021
justine_labelle;hugo_morin-brassard;TSB303;H2021
juliette_meilleur;justine_labelle;TSB303;H2021
juliette_meilleur;felix-olivier_dufour;TSB303;H2021
juliette_meilleur;mia_carriere;TSB303;H2021
juliette_meilleur;samuel_fortin;TSB303;H2021
juliette_meilleur;hugo_morin-brassard;TSB303;H2021
mia_carriere;justine_labelle;TSB303;H2021
mia_carriere;felix-olivier_dufour;TSB303;H2021
mia_carriere;juliette_meilleur;TSB303;H2021
mia_carriere;samuel_fortin;TSB303;H2021
mia_carriere;hugo_morin-brassard;TSB303;H2021
samuel_fortin;justine_labelle;TSB303;H2021
samuel_fortin;felix-olivier_dufour;TSB303;H2021
samuel_fortin;juliette_meilleur;TSB303;H2021
samuel_fortin;mia_carriere;TSB303;H2021
samuel_fortin;hugo_morin-brassard;TSB303;H2021
hugo_morin-brassard;justine_labelle;TSB303;H2021
hugo_morin-brassard;felix-olivier_dufour;TSB303;H2021
hugo_morin-brassard;juliette_meilleur;TSB303;H2021
hugo_morin-brassard;mia_carriere;TSB303;H2021
hugo_morin-brassard;samuel_fortin;TSB303;H2021
felix-olivier_dufour;hugo_morin-brassard;BCM104;H2021
felix-olivier_dufour;mia_carriere;BCM104;H2021
felix-olivier_dufour;juliette_meilleur;BCM104;H2021
felix-olivier_dufour;justine_labelle;BCM104;H2021
felix-olivier_dufour;marie-claude_mayotte;BCM104;H2021
felix-olivier_dufour;simon_bourgeois;BCM104;H2021
felix-olivier_dufour;charles_ferland;BCM104;H2021
felix-olivier_dufour;kayla_trempe-kay;BCM104;H2021
felix-olivier_dufour;penelope_robert;BCM104;H2021
hugo_morin-brassard;felix-olivier_dufour;BCM104;H2021
hugo_morin-brassard;mia_carriere;BCM104;H2021
hugo_morin-brassard;juliette_meilleur;BCM104;H2021
hugo_morin-brassard;justine_labelle;BCM104;H2021
hugo_morin-brassard;marie-claude_mayotte;BCM104;H2021
hugo_morin-brassard;simon_bourgeois;BCM104;H2021
hugo_morin-brassard;charles_ferland;BCM104;H2021
hugo_morin-brassard;kayla_trempe-kay;BCM104;H2021
hugo_morin-brassard;penelope_robert;BCM104;H2021
mia_carriere;felix-olivier_dufour;BCM104;H2021
mia_carriere;hugo_morin-brassard;BCM104;H2021
mia_carriere;juliette_meilleur;BCM104;H2021
mia_carriere;justine_labelle;BCM104;H2021
mia_carriere;marie-claude_mayotte;BCM104;H2021
mia_carriere;simon_bourgeois;BCM104;H2021
mia_carriere;charles_ferland;BCM104;H2021
mia_carriere;kayla_trempe-kay;BCM104;H2021
mia_carriere;penelope_robert;BCM104;H2021
juliette_meilleur;felix-olivier_dufour;BCM104;H2021
juliette_meilleur;hugo_morin-brassard;BCM104;H2021
juliette_meilleur;mia_carriere;BCM104;H2021
juliette_meilleur;justine_labelle;BCM104;H2021
juliette_meilleur;marie-claude_mayotte;BCM104;H2021
juliette_meilleur;simon_bourgeois;BCM104;H2021
juliette_meilleur;charles_ferland;BCM104;H2021
juliette_meilleur;kayla_trempe-kay;BCM104;H2021
juliette_meilleur;penelope_robert;BCM104;H2021
justine_labelle;felix-olivier_dufour;BCM104;H2021
justine_labelle;hugo_morin-brassard;BCM104;H2021
justine_labelle;mia_carriere;BCM104;H2021
justine_labelle;juliette_meilleur;BCM104;H2021
justine_labelle;marie-claude_mayotte;BCM104;H2021
justine_labelle;simon_bourgeois;BCM104;H2021
justine_labelle;charles_ferland;BCM104;H2021
justine_labelle;kayla_trempe-kay;BCM104;H2021
justine_labelle;penelope_robert;BCM104;H2021
marie-claude_mayotte;felix-olivier_dufour;BCM104;H2021
marie-claude_mayotte;hugo_morin-brassard;BCM104;H2021
marie-claude_mayotte;mia_carriere;BCM104;H2021
marie-claude_mayotte;juliette_meilleur;BCM104;H2021
marie-claude_mayotte;justine_labelle;BCM104;H2021
marie-claude_mayotte;simon_bourgeois;BCM104;H2021
marie-claude_mayotte;charles_ferland;BCM104;H2021
marie-claude_mayotte;kayla_trempe-kay;BCM104;H2021
marie-claude_mayotte;penelope_robert;BCM104;H2021
simon_bourgeois;felix-olivier_dufour;BCM104;H2021
simon_bourgeois;hugo_morin-brassard;BCM104;H2021
simon_bourgeois;mia_carriere;BCM104;H2021
simon_bourgeois;juliette_meilleur;BCM104;H2021
simon_bourgeois;justine_labelle;BCM104;H2021
simon_bourgeois;marie-claude_mayotte;BCM104;H2021
simon_bourgeois;charles_ferland;BCM104;H2021
simon_bourgeois;kayla_trempe-kay;BCM104;H2021
simon_bourgeois;penelope_robert;BCM104;H2021
charles_ferland;felix-olivier_dufour;BCM104;H2021
charles_ferland;hugo_morin-brassard;BCM104;H2021
charles_ferland;mia_carriere;BCM104;H2021
charles_ferland;juliette_meilleur;BCM104;H2021
charles_ferland;justine_labelle;BCM104;H2021
charles_ferland;marie-claude_mayotte;BCM104;H2021
charles_ferland;simon_bourgeois;BCM104;H2021
charles_ferland;kayla_trempe-kay;BCM104;H2021
charles_ferland;penelope_robert;BCM104;H2021
kayla_trempe-kay;felix-olivier_dufour;BCM104;H2021
kayla_trempe-kay;hugo_morin-brassard;BCM104;H2021
kayla_trempe-kay;mia_carriere;BCM104;H2021
kayla_trempe-kay;juliette_meilleur;BCM104;H2021
kayla_trempe-kay;justine_labelle;BCM104;H2021
kayla_trempe-kay;marie-claude_mayotte;BCM104;H2021
kayla_trempe-kay;simon_bourgeois;BCM104;H2021
kayla_trempe-kay;charles_ferland;BCM104;H2021
kayla_trempe-kay;penelope_robert;BCM104;H2021
penelope_robert;felix-olivier_dufour;BCM104;H2021
penelope_robert;hugo_morin-brassard;BCM104;H2021
penelope_robert;mia_carriere;BCM104;H2021
penelope_robert;juliette_meilleur;BCM104;H2021
penelope_robert;justine_labelle;BCM104;H2021
penelope_robert;marie-claude_mayotte;BCM104;H2021
penelope_robert;simon_bourgeois;BCM104;H2021
penelope_robert;charles_ferland;BCM104;H2021
penelope_robert;kayla_trempe-kay;BCM104;H2021
felix-olivier_dufour;mia_carriere;ZOO307;H2021
mia_carriere;felix-olivier_dufour;ZOO307;H2021
felix-olivier_dufour;charles_ferland;ECL516;A2022
felix-olivier_dufour;hugo_morin-brassard;ECL516;A2022
felix-olivier_dufour;simon_bourgeois;ECL516;A2022
charles_ferland;felix-olivier_dufour;ECL516;A2022
charles_ferland;hugo_morin-brassard;ECL516;A2022
charles_ferland;simon_bourgeois;ECL516;A2022
hugo_morin-brassard;felix-olivier_dufour;ECL516;A2022
hugo_morin-brassard;charles_ferland;ECL516;A2022
hugo_morin-brassard;simon_bourgeois;ECL516;A2022
simon_bourgeois;felix-olivier_dufour;ECL516;A2022
simon_bourgeois;charles_ferland;ECL516;A2022
simon_bourgeois;hugo_morin-brassard;ECL516;A2022
felix-olivier_dufour;mia_carriere;BIO300;A2022
mia_carriere;felix-olivier_dufour;BIO300;A2022
felix-olivier_dufour;simon_bourgeois;ECL527;A2022
felix-olivier_dufour;hugo_morin-brassard;ECL527;A2022
felix-olivier_dufour;charles_ferland;ECL527;A2022
felix-olivier_dufour;penelope_robert;ECL527;A2022
simon_bourgeois;felix-olivier_dufour;ECL527;A2022
simon_bourgeois;hugo_morin-brassard;ECL527;A2022
simon_bourgeois;charles_ferland;ECL527;A2022
simon_bourgeois;penelope_robert;ECL527;A2022
hugo_morin-brassard;felix-olivier_dufour;ECL527;A2022
hugo_morin-brassard;simon_bourgeois;ECL527;A2022
hugo_morin-brassard;charles_ferland;ECL527;A2022
hugo_morin-brassard;penelope_robert;ECL527;A2022
charles_ferland;felix-olivier_dufour;ECL527;A2022
charles_ferland;simon_bourgeois;ECL527;A2022
charles_ferland;hugo_morin-brassard;ECL527;A2022
charles_ferland;penelope_robert;ECL527;A2022
penelope_robert;felix-olivier_dufour;ECL527;A2022
penelope_robert;simon_bourgeois;ECL527;A2022
penelope_robert;hugo_morin-brassard;ECL527;A2022
penelope_robert;charles_ferland;ECL527;A2022
felix-olivier_dufour;simon_bourgeois;ENT101;E2022
felix-olivier_dufour;hugo_morin-brassard;ENT101;E2022
felix-olivier_dufour;louis-phillippe_theriault;ENT101;E2022
simon_bourgeois;felix-olivier_dufour;ENT101;E2022
simon_bourgeois;hugo_morin-brassard;ENT101;E2022
simon_bourgeois;louis-phillippe_theriault;ENT101;E2022
hugo_morin-brassard;felix-olivier_dufour;ENT101;E2022
hugo_morin-brassard;simon_bourgeois;ENT101;E2022
hugo_morin-brassard;louis-phillippe_theriault;ENT101;E2022
louis-phillippe_theriault;felix-olivier_dufour;ENT101;E2022
louis-phillippe_theriault;simon_bourgeois;ENT101;E2022
louis-phillippe_theriault;hugo_morin-brassard;ENT101;E2022
felix-olivier_dufour;charles_ferland;ECL406;E2022
charles_ferland;felix-olivier_dufour;ECL406;E2022
felix-olivier_dufour;charles_ferland;ECL404;E2022
felix-olivier_dufour;laurie-anne_cournoyer;ECL404;E2022
charles_ferland;felix-olivier_dufour;ECL404;E2022
charles_ferland;laurie-anne_cournoyer;ECL404;E2022
laurie-anne_cournoyer;felix-olivier_dufour;ECL404;E2022
laurie-anne_cournoyer;charles_ferland;ECL404;E2022
felix-olivier_dufour;simon_bourgeois;ECL535;E2022
felix-olivier_dufour;hugo_morin-brassard;ECL535;E2022
simon_bourgeois;felix-olivier_dufour;ECL535;E2022
simon_bourgeois;hugo_morin-brassard;ECL535;E2022
hugo_morin-brassard;felix-olivier_dufour;ECL535;E2022
hugo_morin-brassard;simon_bourgeois;ECL535;E2022
felix-olivier_dufour;hugo_morin-brassard;ECL403;E2022
felix-olivier_dufour;penelope_robert;ECL403;E2022
hugo_morin-brassard;felix-olivier_dufour;ECL403;E2022
hugo_morin-brassard;penelope_robert;ECL403;E2022
penelope_robert;felix-olivier_dufour;ECL403;E2022
penelope_robert;hugo_morin-brassard;ECL403;E2022
felix-olivier_dufour;phillippe_bourassa;BIO401;H2023
phillippe_bourassa;felix-olivier_dufour;BIO401;H2023
felix-olivier_dufour;hugo_morin-brassard;BIO500;H2023
felix-olivier_dufour;beatrice_dupuis;BIO500;H2023
felix-olivier_dufour;rosalie_gagnon;BIO500;H2023
hugo_morin-brassard;felix-olivier_dufour;BIO500;H2023
hugo_morin-brassard;beatrice_dupuis;BIO500;H2023
hugo_morin-brassard;rosalie_gagnon;BIO500;H2023
beatrice_dupuis;felix-olivier_dufour;BIO500;H2023
beatrice_dupuis;hugo_morin-brassard;BIO500;H2023
beatrice_dupuis;rosalie_gagnon;BIO500;H2023
rosalie_gagnon;felix-olivier_dufour;BIO500;H2023
rosalie_gagnon;hugo_morin-brassard;BIO500;H2023
rosalie_gagnon;beatrice_dupuis;BIO500;H2023
charles_ferland;felix-olivier_dufour;ECL603;H2023
felix-olivier_dufour;charles_ferland;ECL603;H2023
felix-olivier_dufour;justine_labelle;BOT400;H2023
justine_labelle;felix-olivier_dufour;BOT400;H2023
felix-olivier_dufour;hugo_morin-brassard;ECL610;H2023
felix-olivier_dufour;charles_ferland;ECL610;H2023
felix-olivier_dufour;simon_bourgeois;ECL610;H2023
hugo_morin-brassard;felix-olivier_dufour;ECL610;H2023
hugo_morin-brassard;charles_ferland;ECL610;H2023
hugo_morin-brassard;simon_bourgeois;ECL610;H2023
charles_ferland;felix-olivier_dufour;ECL610;H2023
charles_ferland;hugo_morin-brassard;ECL610;H2023
charles_ferland;simon_bourgeois;ECL610;H2023
simon_bourgeois;felix-olivier_dufour;ECL610;H2023
simon_bourgeois;hugo_morin-brassard;ECL610;H2023
simon_bourgeois;charles_ferland;ECL610;H2023
beatrice_dupuis;kayla_trempe-kay;ECL610;H2023
beatrice_dupuis;justine_labelle;ECL610;H2023
beatrice_dupuis;mia_carriere;ECL610;H2023
kayla_trempe-kay;beatrice_dupuis;ECL610;H2023
kayla_trempe-kay;justine_labelle;ECL610;H2023
kayla_trempe-kay;mia_carriere;ECL610;H2023
justine_labelle;kayla_trempe-kay;ECL610;H2023
justine_labelle;beatrice_dupuis;ECL610;H2023
justine_labelle;mia_carriere;ECL610;H2023
mia_carriere;kayla_trempe-kay;ECL610;H2023
mia_carriere;justine_labelle;ECL610;H2023
mia_carriere;beatrice_dupuis;ECL610;H2023
beatrice_dupuis;kayla_trempe-kay;BOT400;H2023
kayla_trempe-kay;beatrice_dupuis;BOT400;H2023
beatrice_dupuis;rosalie_gagnon;BIO500;H2023
beatrice_dupuis;hugo_morin-brassard;BIO500;H2023
beatrice_dupuis;felix-olivier_dufour;BIO500;H2023
rosalie_gagnon;beatrice_dupuis;BIO500;H2023
rosalie_gagnon;hugo_morin-brassard;BIO500;H2023
rosalie_gagnon;felix-olivier_dufour;BIO500;H2023
hugo_morin-brassard;rosalie_gagnon;BIO500;H2023
hugo_morin-brassard;beatrice_dupuis;BIO500;H2023
hugo_morin-brassard;felix-olivier_dufour;BIO500;H2023
felix-olivier_dufour;rosalie_gagnon;BIO500;H2023
felix-olivier_dufour;hugo_morin-brassard;BIO500;H2023
felix-olivier_dufour;beatrice_dupuis;BIO500;H2023
beatrice_dupuis;kayla_trempe-kay;ZOO304;H2023
kayla_trempe-kay;beatrice_dupuis;ZOO304;H2023
beatrice_dupuis;rosalie_gagnon;ECL403;E2022
beatrice_dupuis;frederic_laberge;ECL403;E2022
rosalie_gagnon;beatrice_dupuis;ECL403;E2022
rosalie_gagnon;frederic_laberge;ECL403;E2022
frederic_laberge;rosalie_gagnon;ECL403;E2022
frederic_laberge;beatrice_dupuis;ECL403;E2022
beatrice_dupuis;rosalie_gagnon;ECL404;E2022
beatrice_dupuis;francis_boily;ECL404;E2022
rosalie_gagnon;beatrice_dupuis;ECL404;E2022
rosalie_gagnon;francis_boily;ECL404;E2022
francis_boily;rosalie_gagnon;ECL404;E2022
francis_boily;beatrice_dupuis;ECL404;E2022
beatrice_dupuis;kayla_trempe-kay;ECL406;E2022
kayla_trempe-kay;beatrice_dupuis;ECL406;E2022
beatrice_dupuis;justine_labelle;ECL522;E2022
beatrice_dupuis;penelope_robert;ECL522;E2022
justine_labelle;beatrice_dupuis;ECL522;E2022
justine_labelle;penelope_robert;ECL522;E2022
penelope_robert;justine_labelle;ECL522;E2022
penelope_robert;beatrice_dupuis;ECL522;E2022
beatrice_dupuis;kayla_trempe-kay;ECL535;E2022
kayla_trempe-kay;beatrice_dupuis;ECL535;E2022
beatrice_dupuis;mia_carriere;ECL515;E2022
mia_carriere;beatrice_dupuis;ECL515;E2022
beatrice_dupuis;nicolas_beaudoin;ECL527;A2021
beatrice_dupuis;rosalie_gagnon;ECL527;A2021
beatrice_dupuis;francis_boily;ECL527;A2021
nicolas_beaudoin;beatrice_dupuis;ECL527;A2021
nicolas_beaudoin;rosalie_gagnon;ECL527;A2021
nicolas_beaudoin;francis_boily;ECL527;A2021
rosalie_gagnon;nicolas_beaudoin;ECL527;A2021
rosalie_gagnon;beatrice_dupuis;ECL527;A2021
rosalie_gagnon;francis_boily;ECL527;A2021
francis_boily;nicolas_beaudoin;ECL527;A2021
francis_boily;rosalie_gagnon;ECL527;A2021
francis_boily;beatrice_dupuis;ECL527;A2021
beatrice_dupuis;benjamin_dagenais-quesnel;ECL530;A2021
benjamin_dagenais-quesnel;beatrice_dupuis;ECL530;A2021
beatrice_dupuis;frederic_laberge;ECL611;A2021
frederic_laberge;beatrice_dupuis;ECL611;A2021
beatrice_dupuis;camille_gagnon;ECL544;A2021
beatrice_dupuis;mia_carriere;ECL544;A2021
camille_gagnon;beatrice_dupuis;ECL544;A2021
camille_gagnon;mia_carriere;ECL544;A2021
mia_carriere;camille_gagnon;ECL544;A2021
mia_carriere;beatrice_dupuis;ECL544;A2021
beatrice_dupuis;frederic_laberge;BCM113;H2021
frederic_laberge;beatrice_dupuis;BCM113;H2021
beatrice_dupuis;nicolas_beaudoin;BIO109;H2021
beatrice_dupuis;camille_gagnon;BIO109;H2021
beatrice_dupuis;xavier_samson;BIO109;H2021
nicolas_beaudoin;beatrice_dupuis;BIO109;H2021
nicolas_beaudoin;camille_gagnon;BIO109;H2021
nicolas_beaudoin;xavier_samson;BIO109;H2021
camille_gagnon;nicolas_beaudoin;BIO109;H2021
camille_gagnon;beatrice_dupuis;BIO109;H2021
camille_gagnon;xavier_samson;BIO109;H2021
xavier_samson;nicolas_beaudoin;BIO109;H2021
xavier_samson;camille_gagnon;BIO109;H2021
xavier_samson;beatrice_dupuis;BIO109;H2021
beatrice_dupuis;philippe_barrette;MCB101;H2021
philippe_barrette;beatrice_dupuis;MCB101;H2021
beatrice_dupuis;camille_gagnon;TSB303;H2021
beatrice_dupuis;frederic_laberge;TSB303;H2021
beatrice_dupuis;philippe_leonard-dufour;TSB303;H2021
beatrice_dupuis;mark_halliday;TSB303;H2021
beatrice_dupuis;nicolas_beaudoin;TSB303;H2021
beatrice_dupuis;charles_wu;TSB303;H2021
beatrice_dupuis;samuel_beaulac;TSB303;H2021
camille_gagnon;beatrice_dupuis;TSB303;H2021
camille_gagnon;frederic_laberge;TSB303;H2021
camille_gagnon;philippe_leonard-dufour;TSB303;H2021
camille_gagnon;mark_halliday;TSB303;H2021
camille_gagnon;nicolas_beaudoin;TSB303;H2021
camille_gagnon;charles_wu;TSB303;H2021
camille_gagnon;samuel_beaulac;TSB303;H2021
frederic_laberge;camille_gagnon;TSB303;H2021
frederic_laberge;beatrice_dupuis;TSB303;H2021
frederic_laberge;philippe_leonard-dufour;TSB303;H2021
frederic_laberge;mark_halliday;TSB303;H2021
frederic_laberge;nicolas_beaudoin;TSB303;H2021
frederic_laberge;charles_wu;TSB303;H2021
frederic_laberge;samuel_beaulac;TSB303;H2021
philippe_leonard-dufour;camille_gagnon;TSB303;H2021
philippe_leonard-dufour;frederic_laberge;TSB303;H2021
philippe_leonard-dufour;beatrice_dupuis;TSB303;H2021
philippe_leonard-dufour;mark_halliday;TSB303;H2021
philippe_leonard-dufour;nicolas_beaudoin;TSB303;H2021
philippe_leonard-dufour;charles_wu;TSB303;H2021
philippe_leonard-dufour;samuel_beaulac;TSB303;H2021
mark_halliday;camille_gagnon;TSB303;H2021
mark_halliday;frederic_laberge;TSB303;H2021
mark_halliday;philippe_leonard-dufour;TSB303;H2021
mark_halliday;beatrice_dupuis;TSB303;H2021
mark_halliday;nicolas_beaudoin;TSB303;H2021
mark_halliday;charles_wu;TSB303;H2021
mark_halliday;samuel_beaulac;TSB303;H2021
nicolas_beaudoin;camille_gagnon;TSB303;H2021
nicolas_beaudoin;frederic_laberge;TSB303;H2021
nicolas_beaudoin;philippe_leonard-dufour;TSB303;H2021
nicolas_beaudoin;mark_halliday;TSB303;H2021
nicolas_beaudoin;beatrice_dupuis;TSB303;H2021
nicolas_beaudoin;charles_wu;TSB303;H2021
nicolas_beaudoin;samuel_beaulac;TSB303;H2021
charles_wu;camille_gagnon;TSB303;H2021
charles_wu;frederic_laberge;TSB303;H2021
charles_wu;philippe_leonard-dufour;TSB303;H2021
charles_wu;mark_halliday;TSB303;H2021
charles_wu;nicolas_beaudoin;TSB303;H2021
charles_wu;beatrice_dupuis;TSB303;H2021
charles_wu;samuel_beaulac;TSB303;H2021
samuel_beaulac;camille_gagnon;TSB303;H2021
samuel_beaulac;frederic_laberge;TSB303;H2021
samuel_beaulac;philippe_leonard-dufour;TSB303;H2021
samuel_beaulac;mark_halliday;TSB303;H2021
samuel_beaulac;nicolas_beaudoin;TSB303;H2021
samuel_beaulac;charles_wu;TSB303;H2021
samuel_beaulac;beatrice_dupuis;TSB303;H2021
beatrice_dupuis;xavier_samson;ZOO307;H2021
xavier_samson;beatrice_dupuis;ZOO307;H2021
beatrice_dupuis;frederic_laberge;BCM112;A2020
frederic_laberge;beatrice_dupuis;BCM112;A2020
beatrice_dupuis;frederic_laberge;ECL516;A2020
beatrice_dupuis;edouard_nadon-beaumier;ECL516;A2020
beatrice_dupuis;jessica_coulombe;ECL516;A2020
frederic_laberge;beatrice_dupuis;ECL516;A2020
frederic_laberge;edouard_nadon-beaumier;ECL516;A2020
frederic_laberge;jessica_coulombe;ECL516;A2020
edouard_nadon-beaumier;frederic_laberge;ECL516;A2020
edouard_nadon-beaumier;beatrice_dupuis;ECL516;A2020
edouard_nadon-beaumier;jessica_coulombe;ECL516;A2020
jessica_coulombe;frederic_laberge;ECL516;A2020
jessica_coulombe;edouard_nadon-beaumier;ECL516;A2020
jessica_coulombe;beatrice_dupuis;ECL516;A2020
beatrice_dupuis;frederic_laberge;ZOO105;H2020
frederic_laberge;beatrice_dupuis;ZOO105;H2020
rosalie_gagnon;beatrice_dupuis;BCM104;H2021
rosalie_gagnon;nicolas_beaudoin;BCM104;H2021
rosalie_gagnon;camille_gagnon;BCM104;H2021
rosalie_gagnon;karim_hamzaoui;BCM104;H2021
beatrice_dupuis;rosalie_gagnon;BCM104;H2021
beatrice_dupuis;nicolas_beaudoin;BCM104;H2021
beatrice_dupuis;camille_gagnon;BCM104;H2021
beatrice_dupuis;karim_hamzaoui;BCM104;H2021
nicolas_beaudoin;beatrice_dupuis;BCM104;H2021
nicolas_beaudoin;camille_gagnon;BCM104;H2021
nicolas_beaudoin;karim_hamzaoui;BCM104;H2021
nicolas_beaudoin;rosalie_gagnon;BCM104;H2021
camille_gagnon;nicolas_beaudoin;BCM104;H2021
camille_gagnon;beatrice_dupuis;BCM104;H2021
camille_gagnon;karim_hamzaoui;BCM104;H2021
camille_gagnon;rosalie_gagnon;BCM104;H2021
karim_hamzaoui;beatrice_dupuis;BCM104;H2021
karim_hamzaoui;nicolas_beaudoin;BCM104;H2021
karim_hamzaoui;camille_gagnon;BCM104;H2021
karim_hamzaoui;rosalie_gagnon;BCM104;H2021
rosalie_gagnon;francis_boily;BIO109;H2021
francis_boily;rosalie_gagnon;BIO109;H2021
rosalie_gagnon;justine_lebelle;MCB101;H2021
justine_lebelle;rosalie_gagnon;MCB101;H2021
rosalie_gagnon;karim_hamzaoui;TSB303;H2021
rosalie_gagnon;naomie_morin;TSB303;H2021
rosalie_gagnon;francis_boily;TSB303;H2021
francis_boily;rosalie_gagnon;TSB303;H2021
francis_boily;naomie_morin;TSB303;H2021
francis_boily;karim_hamzaoui;TSB303;H2021
naomie_morin;francis_boily;TSB303;H2021
naomie_morin;rosalie_gagnon;TSB303;H2021
naomie_morin;karim_hamzaoui;TSB303;H2021
karim_hamzaoui;naomie_morin;TSB303;H2021
karim_hamzaoui;francis_boily;TSB303;H2021
karim_hamzaoui;rosalie_gagnon;TSB303;H2021
rosalie_gagnon;francis_boily;ZOO105;H2021
rosalie_gagnon;nicolas_beaudoin;ZOO105;H2021
nicolas_beaudoin;francis_boily;ZOO105;H2021
nicolas_beaudoin;rosalie_gagnon;ZOO105;H2021
francis_boily;nicolas_beaudoin;ZOO105;H2021
francis_boily;rosalie_gagnon;ZOO105;H2021
rosalie_gagnon;penelope_robert;ZOO307;H2021
penelope_robert;rosalie_gagnon;ZOO307;H2021
rosalie_gagnon;francis_boily;BIO300;A2021
francis_boily;rosalie_gagnon;BIO300;A2021
rosalie_gagnon;nicolas_beaudoin;ECL516;A2021
rosalie_gagnon;camille_gagnon;ECL516;A2021
camille_gagnon;nicolas_beaudoin;ECL516;A2021
camille_gagnon;rosalie_gagnon;ECL516;A2021
nicolas_beaudoin;camille_gagnon;ECL516;A2021
nicolas_beaudoin;rosalie_gagnon;ECL516;A2021
rosalie_gagnon;frederick_laberge;ECL403;E2022
rosalie_gagnon;beatrice_dupuis;ECL403;E2022
beatrice_dupuis;rosalie_gagnon;ECL403;E2022
beatrice_dupuis;frederick_laberge;ECL403;E2022
frederick_laberge;rosalie_gagnon;ECL403;E2022
frederick_laberge;beatrice_dupuis;ECL403;E2022
rosalie_gagnon;frederick_laberge;ECL404;E2022
rosalie_gagnon;beatrice_dupuis;ECL404;E2022
frederick_laberge;rosalie_gagnon;ECL404;E2022
frederick_laberge;beatrice_dupuis;ECL404;E2022
beatrice_dupuis;frederick_laberge;ECL404;E2022
beatrice_dupuis;rosalie_gagnon;ECL404;E2022
rosalie_gagnon;francis_boily;ECL406;E2022
francis_boily;rosalie_gagnon;ECL406;E2022
rosalie_gagnon;camille_gagnon;ECL515;E2022
rosalie_gagnon;francis_boily;ECL515;E2022
camille_gagnon;rosalie_gagnon;ECL515;E2022
camille_gagnon;francis_boily;ECL515;E2022
francis_boily;rosalie_gagnon;ECL515;E2022
francis_boily;camille_gagnon;ECL515;E2022
rosalie_gagnon;hugo_morin-brassard;BIO500;H2023
rosalie_gagnon;beatrice_dupuis;BIO500;H2023
rosalie_gagnon;felix-olivier_dufour;BIO500;H2023
hugo_morin-brassard;rosalie_gagnon;BIO500;H2023
hugo_morin-brassard;beatrice_dupuis;BIO500;H2023
hugo_morin-brassard;felix-olivier_dufour;BIO500;H2023
felix-olivier_dufour;rosalie_gagnon;BIO500;H2023
felix-olivier_dufour;beatrice_dupuis;BIO500;H2023
felix-olivier_dufour;hugo_morin-brassard;BIO500;H2023
beatrice_dupuis;felix-olivier_dufour;BIO500;H2023
beatrice_dupuis;rosalie_gagnon;BIO500;H2023
beatrice_dupuis;hugo_morin-brassard;BIO500;H2023
rosalie_gagnon;beatrice_dupuis;ECL603;H2023
rosalie_gagnon;camille_gagnon;ECL603;H2023
rosalie_gagnon;frederick_laberge;ECL603;H2023
rosalie_gagnon;francis_boily;ECL603;H2023
rosalie_gagnon;nicolas_beaudoin;ECL603;H2023
beatrice_dupuis;rosalie_gagnon;ECL603;H2023
beatrice_dupuis;francis_boily;ECL603;H2023
beatrice_dupuis;camille_gagnon;ECL603;H2023
beatrice_dupuis;nicolas_beaudoin;ECL603;H2023
beatrice_dupuis;frederick_laberge;ECL603;H2023
camille_gagnon;francis_boily;ECL603;H2023
camille_gagnon;nicolas_beaudoin;ECL603;H2023
camille_gagnon;beatrice_dupuis;ECL603;H2023
camille_gagnon;rosalie_gagnon;ECL603;H2023
camille_gagnon;frederick_laberge;ECL603;H2023
nicolas_beaudoin;rosalie_gagnon;ECL603;H2023
nicolas_beaudoin;camille_gagnon;ECL603;H2023
nicolas_beaudoin;beatrice_dupuis;ECL603;H2023
nicolas_beaudoin;francis_boily;ECL603;H2023
nicolas_beaudoin;frederick_laberge;ECL603;H2023
francis_boily;rosalie_gagnon;ECL603;H2023
francis_boily;camille_gagnon;ECL603;H2023
francis_boily;beatrice_dupuis;ECL603;H2023
francis_boily;nicolas_beaudoin;ECL603;H2023
francis_boily;frederick_laberge;ECL603;H2023
frederick_laberge;francis_boily;ECL603;H2023
frederick_laberge;nicolas_beaudoin;ECL603;H2023
frederick_laberge;rosalie_gagnon;ECL603;H2023
frederick_laberge;beatrice_dupuis;ECL603;H2023
frederick_laberge;camille_gagnon;ECL603;H2023
rosalie_gagnon;nicolas_beaudoin;ECL610;H2023
rosalie_gagnon;camille_gagnon;ECL610;H2023
rosalie_gagnon;francis_boily;ECL610;H2023
nicolas_beaudoin;rosalie_gagnon;ECL610;H2023
nicolas_beaudoin;francis_boily;ECL610;H2023
nicolas_beaudoin;camille_gagnon;ECL610;H2023
camille_gagnon;rosalie_gagnon;ECL610;H2023
camille_gagnon;francis_boily;ECL610;H2023
camille_gagnon;nicolas_beaudoin;ECL610;H2023
francis_boily;rosalie_gagnon;ECL610;H2023
francis_boily;nicolas_beaudoin;ECL610;H2023
francis_boily;camille_gagnon;ECL610;H2023
rosalie_gagnon;francis_boily;ENT102;H2023
francis_boily;rosalie_gagnon;ENT102;H2023
simon_bourgeois;hugo_morin-brassard;BCM113;H2021
hugo_morin-brassard;simon_bourgeois;BCM113;H2021
hugo_morin-brassard;simon_bourgeois;BIO109;H2021
hugo_morin-brassard;charles_ferland;BIO109;H2021
hugo_morin-brassard;raphael_charlebois;BIO109;H2021
hugo_morin-brassard;thomas_raymond;BIO109;H2021
hugo_morin-brassard;juliette_meilleur;TSB303;H2021
hugo_morin-brassard;felix-olivier_dufour;TSB303;H2021
hugo_morin-brassard;mia_carriere;TSB303;H2021
hugo_morin-brassard;justine_labelle;TSB303;H2021
hugo_morin-brassard;samuel_fortin;TSB303;H2021
hugo_morin-brassard;charles_ferland;MCB101;H2021
charles_ferland;hugo_morin-brassard;MCB101;H2021
hugo_morin-brassard;simon_bourgeois;ZOO105;H2021
hugo_morin-brassard;thomas_raymond;ZOO105;H2021
hugo_morin-brassard;simon_bourgeois;ECL516;A2021
hugo_morin-brassard;charles_ferland;ECL516;A2021
hugo_morin-brassard;felix-olivier_dufour;ECL516;A2021
hugo_morin-brassard;penelope_robert;ECL527;A2021
hugo_morin-brassard;simon_bourgeois;ECL527;A2021
hugo_morin-brassard;charles_ferland;ECL527;A2021
hugo_morin-brassard;felix-olivier_dufour;ECL527;A2021
hugo_morin-brassard;felix-olivier_dufour;ECL403;E2022
hugo_morin-brassard;penelope_robert;ECL403;E2022
simon_bourgeois;hugo_morin-brassard;ECL404;E2022
hugo_morin-brassard;simon_bourgeois;ECL404;E2022
simon_bourgeois;hugo_morin-brassard;ECL406;E2022
hugo_morin-brassard;simon_bourgeois;ECL406;E2022
marie-claude_mayotte;hugo_morin-brassard;ECL515;E2022
hugo_morin-brassard;marie-claude_mayotte;ECL515;E2022
hugo_morin-brassard;simon_bourgeois;ECL535;E2022
hugo_morin-brassard;felix-olivier_dufour;ECL535;E2022
hugo_morin-brassard;felix-olivier_dufour;ENT101;E2022
hugo_morin-brassard;louis-philippe_theriault;ENT101;E2022
hugo_morin-brassard;simon_bourgeois;ENT101;E2022
hugo_morin-brassard;felix-olivier_dufour;BIO500;H2023
hugo_morin-brassard;beatrice_dupuis;BIO500;H2023
hugo_morin-brassard;rosalie_gagnon;BIO500;H2023
simon_bourgeois;hugo_morin-brassard;BOT400;H2023
hugo_morin-brassard;simon_bourgeois;BOT400;H2023
simon_bourgeois;hugo_morin-brassard;ECL603;H2023
hugo_morin-brassard;simon_bourgeois;ECL603;H2023
hugo_morin-brassard;charles_ferland;ECL610;H2023
hugo_morin-brassard;felix-olivier_dufour;ECL610;H2023
hugo_morin-brassard;simon_bourgeois;ECL610;H2023
hugo_morin-brassard;simon_bourgeois;BIO401;H2023
simon_bourgeois;hugo_morin-brassard;BIO401;H2023
simon_bourgeois;hugo_morin-brassard;BIO109;H2021
simon_bourgeois;charles_ferland;BIO109;H2021
simon_bourgeois;raphael_charlebois;BIO109;H2021
simon_bourgeois;thomas_raymond;BIO109;H2021
charles_ferland;simon_bourgeois;BIO109;H2021
charles_ferland;hugo_morin-brassard;BIO109;H2021
charles_ferland;raphael_charlebois;BIO109;H2021
charles_ferland;thomas_raymond;BIO109;H2021
raphael_charlebois;simon_bourgeois;BIO109;H2021
raphael_charlebois;charles_ferland;BIO109;H2021
raphael_charlebois;hugo_morin-brassard;BIO109;H2021
raphael_charlebois;thomas_raymond;BIO109;H2021
thomas_raymond;simon_bourgeois;BIO109;H2021
thomas_raymond;charles_ferland;BIO109;H2021
thomas_raymond;raphael_charlebois;BIO109;H2021
thomas_raymond;hugo_morin-brassard;BIO109;H2021
juliette_meilleur;hugo_morin-brassard;TSB303;H2021
juliette_meilleur;felix-olivier_dufour;TSB303;H2021
juliette_meilleur;mia_carriere;TSB303;H2021
juliette_meilleur;justine_labelle;TSB303;H2021
juliette_meilleur;samuel_fortin;TSB303;H2021
felix-olivier_dufour;juliette_meilleur;TSB303;H2021
felix-olivier_dufour;hugo_morin-brassard;TSB303;H2021
felix-olivier_dufour;mia_carriere;TSB303;H2021
felix-olivier_dufour;justine_labelle;TSB303;H2021
felix-olivier_dufour;samuel_fortin;TSB303;H2021
mia_carriere;juliette_meilleur;TSB303;H2021
mia_carriere;felix-olivier_dufour;TSB303;H2021
mia_carriere;hugo_morin-brassard;TSB303;H2021
mia_carriere;justine_labelle;TSB303;H2021
mia_carriere;samuel_fortin;TSB303;H2021
justine_labelle;juliette_meilleur;TSB303;H2021
justine_labelle;felix-olivier_dufour;TSB303;H2021
justine_labelle;mia_carriere;TSB303;H2021
justine_labelle;hugo_morin-brassard;TSB303;H2021
justine_labelle;samuel_fortin;TSB303;H2021
samuel_fortin;juliette_meilleur;TSB303;H2021
samuel_fortin;felix-olivier_dufour;TSB303;H2021
samuel_fortin;mia_carriere;TSB303;H2021
samuel_fortin;justine_labelle;TSB303;H2021
samuel_fortin;hugo_morin-brassard;TSB303;H2021
simon_bourgeois;hugo_morin-brassard;ZOO105;H2021
simon_bourgeois;thomas_raymond;ZOO105;H2021
thomas_raymond;simon_bourgeois;ZOO105;H2021
thomas_raymond;hugo_morin-brassard;ZOO105;H2021
simon_bourgeois;hugo_morin-brassard;ECL516;A2021
simon_bourgeois;charles_ferland;ECL516;A2021
simon_bourgeois;felix-olivier_dufour;ECL516;A2021
charles_ferland;simon_bourgeois;ECL516;A2021
charles_ferland;hugo_morin-brassard;ECL516;A2021
charles_ferland;felix-olivier_dufour;ECL516;A2021
felix-olivier_dufour;simon_bourgeois;ECL516;A2021
felix-olivier_dufour;charles_ferland;ECL516;A2021
felix-olivier_dufour;hugo_morin-brassard;ECL516;A2021
penelope_robert;hugo_morin-brassard;ECL527;A2021
penelope_robert;simon_bourgeois;ECL527;A2021
penelope_robert;charles_ferland;ECL527;A2021
penelope_robert;felix-olivier_dufour;ECL527;A2021
simon_bourgeois;penelope_robert;ECL527;A2021
simon_bourgeois;hugo_morin-brassard;ECL527;A2021
simon_bourgeois;charles_ferland;ECL527;A2021
simon_bourgeois;felix-olivier_dufour;ECL527;A2021
charles_ferland;penelope_robert;ECL527;A2021
charles_ferland;simon_bourgeois;ECL527;A2021
charles_ferland;hugo_morin-brassard;ECL527;A2021
charles_ferland;felix-olivier_dufour;ECL527;A2021
felix-olivier_dufour;penelope_robert;ECL527;A2021
felix-olivier_dufour;simon_bourgeois;ECL527;A2021
felix-olivier_dufour;charles_ferland;ECL527;A2021
felix-olivier_dufour;hugo_morin-brassard;ECL527;A2021
felix-olivier_dufour;hugo_morin-brassard;ECL403;E2022
felix-olivier_dufour;penelope_robert;ECL403;E2022
penelope_robert;felix-olivier_dufour;ECL403;E2022
penelope_robert;hugo_morin-brassard;ECL403;E2022
simon_bourgeois;hugo_morin-brassard;ECL535;E2022
simon_bourgeois;felix-olivier_dufour;ECL535;E2022
felix-olivier_dufour;simon_bourgeois;ECL535;E2022
felix-olivier_dufour;hugo_morin-brassard;ECL535;E2022
felix-olivier_dufour;hugo_morin-brassard;ENT101;E2022
felix-olivier_dufour;louis-philippe_theriault;ENT101;E2022
felix-olivier_dufour;simon_bourgeois;ENT101;E2022
louis-philippe_theriault;felix-olivier_dufour;ENT101;E2022
louis-philippe_theriault;hugo_morin-brassard;ENT101;E2022
louis-philippe_theriault;simon_bourgeois;ENT101;E2022
simon_bourgeois;felix-olivier_dufour;ENT101;E2022
simon_bourgeois;louis-philippe_theriault;ENT101;E2022
simon_bourgeois;hugo_morin-brassard;ENT101;E2022
felix-olivier_dufour;hugo_morin-brassard;BIO500;H2023
felix-olivier_dufour;beatrice_dupuis;BIO500;H2023
felix-olivier_dufour;rosalie_gagnon;BIO500;H2023
beatrice_dupuis;felix-olivier_dufour;BIO500;H2023
beatrice_dupuis;hugo_morin-brassard;BIO500;H2023
beatrice_dupuis;rosalie_gagnon;BIO500;H2023
rosalie_gagnon;felix-olivier_dufour;BIO500;H2023
rosalie_gagnon;beatrice_dupuis;BIO500;H2023
rosalie_gagnon;hugo_morin-brassard;BIO500;H2023
charles_ferland;hugo_morin-brassard;ECL610;H2023
charles_ferland;felix-olivier_dufour;ECL610;H2023
charles_ferland;simon_bourgeois;ECL610;H2023
felix-olivier_dufour;charles_ferland;ECL610;H2023
felix-olivier_dufour;hugo_morin-brassard;ECL610;H2023
felix-olivier_dufour;simon_bourgeois;ECL610;H2023
simon_bourgeois;charles_ferland;ECL610;H2023
simon_bourgeois;felix-olivier_dufour;ECL610;H2023
simon_bourgeois;hugo_morin-brassard;ECL610;H2023
