etudiant1;etudiant2;sigle;session
philippe_barrette;marilou_cournoyer;MCB101;H2021
philippe_barrette;marilou_cournoyer;ZOO105;H2021
philippe_barrette;naomie_aubut;ZOO105;H2021
marilou_cournoyer;naomie_aubut;ZOO105;H2021
naomie_aubut;marilou_cournoyer;ZOO105;H2021
philippe_barrette;marilou_cournoyer;TSB303;H2021
philippe_barrette;naomie_aubut;TSB303;H2021
philippe_barrette;yuriko_archambault;TSB303;H2021
philippe_barrette;marie_eve_gagne;TSB303;H2021
philippe_barrette;daphnee_longworth;TSB303;H2021
philippe_barrette;madyson_mclean;TSB303;H2021
naomie_aubut;yuriko_archambault;TSB303;H2021
naomie_aubut;marie_eve_gagne;TSB303;H2021
naomie_aubut;daphnee_longworth;TSB303;H2021
naomie_aubut;madyson_mclean;TSB303;H2021
naomie_aubut;marilou_cournoyer;TSB303;H2021
yuriko_archambault;marie_eve_gagne;TSB303;H2021
yuriko_archambault;daphnee_longworth;TSB303;H2021
yuriko_archambault;madyson_mclean;TSB303;H2021
yuriko_archambault;marilou_cournoyer;TSB303;H2021
marie_eve_gagne;daphnee_longworth;TSB303;H2021
marie_eve_gagne;madyson_mclean;TSB303;H2021
marie_eve_gagne;marilou_cournoyer;TSB303;H2021
madyson_mclean;marilou_cournoyer;TSB303;H2021
madyson_mclean;daphnee_longworth;TSB303;H2021
marilou_cournoyer;naomie_aubut;TSB303;H2021
marilou_cournoyer;yuriko_archambault;TSB303;H2021
marilou_cournoyer;marie_eve_gagne;TSB303;H2021
marilou_cournoyer;daphnee_longworth;TSB303;H2021
marilou_cournoyer;madyson_mclean;TSB303;H2021
philippe_barrette;catherine_viel_lapointe;BIO300;A2021
philippe_barrette;marilou_cournoyer;ECL527;A2021
philippe_barrette;denya_berard;ECL527;A2021
philippe_barrette;roxanne_bernier;ECL527;A2021
philippe_barrette;nicolas_pelletier;ECL527;A2021
marilou_cournoyer;denya_berard;ECL527;A2021
marilou_cournoyer;roxanne_bernier;ECL527;A2021
marilou_cournoyer;nicolas_pelletier;ECL527;A2021
denya_berard;roxanne_bernier;ECL527;A2021
denya_berard;nicolas_pelletier;ECL527;A2021
roxanne_bernier;denya_berard;ECL527;A2021
roxanne_bernier;marilou_cournoyer;ECL527;A2021
roxanne_bernier;nicolas_pelletier;ECL527;A2021
nicolas_pelletier;denya_berard;ECL527;A2021
nicolas_pelletier;roxanne_bernier;ECL527;A2021
nicolas_pelletier;marilou_cournoyer;ECL527;A2021
naomie_aubut;marilou_cournoyer;ECL404;E2022
marilou_cournoyer;naomie_aubut;ECL404;E2022
philippe_barrette;marilou_cournoyer;ECL404;E2022
philippe_barrette;naomie_aubut;ECL404;E2022
philippe_barrette;marilou_cournoyer;ECL403;E2022
philippe_barrette;naomie_aubut;ECL403;E2022
naomie_aubut;marilou_cournoyer;ECL403;E2022
marilou_cournoyer;naomie_aubut;ECL403;E2022
philippe_barrette;naomie_aubut;ECL535;E2022
philippe_barrette;magalie_bosse;ECL535;E2022
magalie_bosse;naomie_aubut;ECL535;E2022
naomie_aubut;magalie_bosse;ECL535;E2022
philippe_barrette;marilou_cournoyer;ECL406;E2022
philippe_barrette;roxanne_bernier;BIO500;H2023
philippe_barrette;denya_berard;BIO500;H2023
marie_christine_arseneau;roxanne_bernier;BIO500;H2023
marie_christine_arseneau;denya_berard;BIO500;H2023
roxanne_bernier;denya_berard;BIO500;H2023
roxanne_bernier;marie_christine_arseneau;BIO500;H2023
denya_berard;roxanne_bernier;BIO500;H2023
denya_berard;marie_christine_arseneau;BIO500;H2023
philippe_barrette;marie_christine_arseneau;BIO500;H2023
philippe_barrette;denya_berard;ECL603;H2023
philippe_barrette;gabrielle_beauchesne;ECL603;H2023
denya_berard;gabrielle_beauchesne;ECL603;H2023
gabrielle_beauchesne;denya_berard;ECL603;H2023
philippe_barrette;gabrielle_moreault;ECL610;H2023
philippe_barrette;emilie_simard;ECL610;H2023
gabrielle_moreault;emilie_simard;ECL610;H2023
emilie_simard;gabrielle_moreault;ECL610;H2023
philippe_barrette;gabrielle_moreault;ENT102;H2023
philippe_barrette;philippe_bourrassa;BOT400;H2023
marilou_cournoyer;philippe_barrette;MCB101;H2021
marilou_cournoyer;philippe_barrette;ZOO105;H2021
naomie_aubut;philippe_barrette;ZOO105;H2021
marilou_cournoyer;philippe_barrette;TSB303;H2021
naomie_aubut;philippe_barrette;TSB303;H2021
yuriko_archambault;philippe_barrette;TSB303;H2021
marie_eve_gagne;philippe_barrette;TSB303;H2021
daphnee_longworth;philippe_barrette;TSB303;H2021
madyson_mclean;philippe_barrette;TSB303;H2021
catherine_viel_lapointe;philippe_barrette;BIO300;A2021
marilou_cournoyer;philippe_barrette;ECL527;A2021
denya_berard;philippe_barrette;ECL527;A2021
roxanne_bernier;philippe_barrette;ECL527;A2021
nicolas_pelletier;philippe_barrette;ECL527;A2021
marilou_cournoyer;philippe_barrette;ECL404;E2022
naomie_aubut;philippe_barrette;ECL404;E2022
marilou_cournoyer;philippe_barrette;ECL403;E2022
naomie_aubut;philippe_barrette;ECL403;E2022
naomie_aubut;philippe_barrette;ECL535;E2022
magalie_bosse;philippe_barrette;ECL535;E2022
marilou_cournoyer;philippe_barrette;ECL406;E2022
marilou_cournoyer;philippe_barrette;BIO500;H2023
denya_berard;philippe_barrette;BIO500;H2023
marie_christine_arseneau;philippe_barrette;BIO500;H2023
denya_berard;philippe_barrette;ECL603;H2023
gabrielle_beauchesne;philippe_barrette;ECL603;H2023
gabrielle_moreault;philippe_barrette;ECL610;H2023
emilie_simard;philippe_barrette;ECL610;H2023
gabrielle_moreault;philippe_barrette;ENT102;H2023
philippe_bourrassa;philippe_barrette;BOT400;H2023
;;;
roxanne_bernier;laurie_anne_cournoyer;BIO109;H2021
roxanne_bernier;laurie_anne_cournoyer;BCM113;H2021
roxanne_bernier;ariane_barrette;BCM113;H2021
roxanne_bernier;laurianne_plante;BCM113;H2021
roxanne_bernier;denya_berard;BIO500;H2023
roxanne_bernier;marie_christine_arseneau;BIO500;H2023
roxanne_bernier;philippe_barrette;BIO500;H2023
roxanne_bernier;denya_berard;BOT400;H2023
roxanne_bernier;marie_bughin;ECL215;E2021
roxanne_bernier;denya_berard;ECL315;A2022
roxanne_bernier;alexis_matte;ECL315;A2022
roxanne_bernier;denya_berard;ECL403;E2022
roxanne_bernier;marie_christine_arseneau;ECL403;E2022
roxanne_bernier;amelie_pelletier;ECL404;E2022
roxanne_bernier;gabrielle_beauchesne;ECL404;E2022
roxanne_bernier;denya_berard;ECL510;A2021
roxanne_bernier;denya_berard;ECL406;E2022
roxanne_bernier;denya_berard;ECL516;A2021
roxanne_bernier;denya_berard;ECL515;E2022
roxanne_bernier;marilou_cournoyer;ECL516;A2021
roxanne_bernier;philippe_barrette;ECL516;A2021
roxanne_bernier;marilou_cournoyer;ECL522;E2022
roxanne_bernier;naomie_aubut;ECL522;E2022
roxanne_bernier;denya_berard;ECL527;A2021
roxanne_bernier;philippe_barrette;ECL527;A2021
roxanne_bernier;marilou_cournoyer;ECL527;A2021
roxanne_bernier;nicolas_pelletier;ECL527;A2021
roxanne_bernier;denya_berard;ECL535;E2022
roxanne_bernier;alexandre_martineau;ECL544;A2022
roxanne_bernier;camille_beffort;ECL544;A2022
roxanne_bernier;camille_beffort;ECL608;A2022
roxanne_bernier;alexandre_martineau;ECL608;A2022
roxanne_bernier;guillaume_tardif;ECL611;A2022
roxanne_bernier;denya_berard;ECL611;A2022
roxanne_bernier;denya_berard;ECL615;E2022
roxanne_bernier;marie_christine_arseneau;ECL615;E2022
roxanne_bernier;marilou_cournoyer;ECL615;E2022
roxanne_bernier;amelie_pelletier;ECN109;H2023
roxanne_bernier;loek_pascaud;ECN109;H2023
roxanne_bernier;laurie_anne_cournoyer;MCB101;H2021
roxanne_bernier;ariane_barrette;TSB303;H2021
roxanne_bernier;laurianne_plante;TSB303;H2021
roxanne_bernier;laurie_anne_cournoyer;TSB303;H2021
roxanne_bernier;xavier_samson;TSB303;H2021
roxanne_bernier;philippe_bourassa;TSB303;H2021
roxanne_bernier;antoine_thunus;TSB303;H2021
roxanne_bernier;francis_bourassa;TSB303;H2021
roxanne_bernier;xavier_samson;ZOO105;H2021
roxanne_bernier;laurie_anne_cournoyer;ZOO105;H2021
roxanne_bernier;marie_christine_arseneau;ZOO304;H2023
laurie_anne_cournoyer;roxanne_bernier;BIO109;H2021
laurie_anne_cournoyer;roxanne_bernier;BCM113;H2021
ariane_barrette;roxanne_bernier;BCM113;H2021
laurianne_plante;roxanne_bernier;BCM113;H2021
denya_berard;roxanne_bernier;BIO500;H2023
marie_christine_arseneau;roxanne_bernier;BIO500;H2023
philippe_barrette;roxanne_bernier;BIO500;H2023
denya_berard;roxanne_bernier;BOT400;H2023
marie_bughin;roxanne_bernier;ECL215;E2021
denya_berard;roxanne_bernier;ECL315;A2022
alexis_matte;roxanne_bernier;ECL315;A2022
denya_berard;roxanne_bernier;ECL403;E2022
marie_christine_arseneau;roxanne_bernier;ECL403;E2022
amelie_pelletier;roxanne_bernier;ECL404;E2022
gabrielle_beauchesne;roxanne_bernier;ECL404;E2022
denya_berard;roxanne_bernier;ECL510;A2021
denya_berard;roxanne_bernier;ECL406;E2022
denya_berard;roxanne_bernier;ECL516;A2021
denya_berard;roxanne_bernier;ECL515;E2022
marilou_cournoyer;roxanne_bernier;ECL516;A2021
philippe_barrette;roxanne_bernier;ECL516;A2021
marilou_cournoyer;roxanne_bernier;ECL522;E2022
naomie_aubut;roxanne_bernier;ECL522;E2022
denya_berard;roxanne_bernier;ECL527;A2021
philippe_barrette;roxanne_bernier;ECL527;A2021
marilou_cournoyer;roxanne_bernier;ECL527;A2021
nicolas_pelletier;roxanne_bernier;ECL527;A2021
denya_berard;roxanne_bernier;ECL535;E2022
alexandre_martineau;roxanne_bernier;ECL544;A2022
camille_beffort;roxanne_bernier;ECL544;A2022
camille_beffort;roxanne_bernier;ECL608;A2022
alexandre_martineau;roxanne_bernier;ECL608;A2022
guillaume_tardif;roxanne_bernier;ECL611;A2022
denya_berard;roxanne_bernier;ECL611;A2022
denya_berard;roxanne_bernier;ECL615;E2022
marie_christine_arseneau;roxanne_bernier;ECL615;E2022
marilou_cournoyer;roxanne_bernier;ECL615;E2022
amelie_pelletier;roxanne_bernier;ECN109;H2023
loek_pascaud;roxanne_bernier;ECN109;H2023
laurie_anne_cournoyer;roxanne_bernier;MCB101;H2021
ariane_barrette;roxanne_bernier;TSB303;H2021
laurianne_plante;roxanne_bernier;TSB303;H2021
laurie_anne_cournoyer;roxanne_bernier;TSB303;H2021
xavier_samson;roxanne_bernier;TSB303;H2021
philippe_bourassa;roxanne_bernier;TSB303;H2021
antoine_thunus;roxanne_bernier;TSB303;H2021
francis_bourassa;roxanne_bernier;TSB303;H2021
xavier_samson;roxanne_bernier;ZOO105;H2021
laurie_anne_cournoyer;roxanne_bernier;ZOO105;H2021
marie_christine_arseneau;roxanne_bernier;ZOO304;H2023
xavier_samson;francis_bourassa;TSB303;H2021
xavier_samson;antoine_thunus;TSB303;H2021
xavier_samson;philippe_bourassa;TSB303;H2021
xavier_samson;ariane_barrette;TSB303;H2021
xavier_samson;laurianne_plante;TSB303;H2021
xavier_samson;laurie_anne_cournoyer;TSB303;H2021
francis_bourassa;philippe_bourassa;TSB303;H2021
francis_bourassa;antoine_thunus;TSB303;H2021
francis_bourassa;xavier_samson;TSB303;H2021
francis_bourassa;ariane_barrette;TSB303;H2021
francis_bourassa;laurianne_plante;TSB303;H2021
francis_bourassa;laurie_anne_cournoyer;TSB303;H2021
antoine_thunus;francis_bourassa;TSB303;H2021
antoine_thunus;philippe_bourassa;TSB303;H2021
antoine_thunus;xavier_samson;TSB303;H2021
antoine_thunus;ariane_barrette;TSB303;H2021
antoine_thunus;laurianne_plante;TSB303;H2021
antoine_thunus;laurie_anne_cournoyer;TSB303;H2021
philippe_bourassa;francis_bourassa;TSB303;H2021
philippe_bourassa;antoine_thunus;TSB303;H2021
philippe_bourassa;xavier_samson;TSB303;H2021
philippe_bourassa;ariane_barrette;TSB303;H2021
philippe_bourassa;laurianne_plante;TSB303;H2021
philippe_bourassa;laurie_anne_cournoyer;TSB303;H2021
laurie_anne_cournoyer;francis_bourassa;TSB303;H2021
laurie_anne_cournoyer;antoine_thunus;TSB303;H2021
laurie_anne_cournoyer;xavier_samson;TSB303;H2021
laurie_anne_cournoyer;ariane_barrette;TSB303;H2021
laurie_anne_cournoyer;laurianne_plante;TSB303;H2021
laurie_anne_cournoyer;philippe_bourassa;TSB303;H2021
laurianne_plante;francis_bourassa;TSB303;H2021
laurianne_plante;antoine_thunus;TSB303;H2021
laurianne_plante;xavier_samson;TSB303;H2021
laurianne_plante;ariane_barrette;TSB303;H2021
laurianne_plante;philippe_bourassa;TSB303;H2021
laurianne_plante;laurie_anne_cournoyer;TSB303;H2021
ariane_barrette;francis_bourassa;TSB303;H2021
ariane_barrette;antoine_thunus;TSB303;H2021
ariane_barrette;xavier_samson;TSB303;H2021
ariane_barrette;philippe_bourassa;TSB303;H2021
ariane_barrette;laurianne_plante;TSB303;H2021
ariane_barrette;laurie_anne_cournoyer;TSB303;H2021
laurie_anne_cournoyer;laurianne_plante;BCM113;H2021
laurie_anne_cournoyer;ariane_barrette;BCM113;H2021
ariane_barrette;laurianne_plante;BCM113;H2021
ariane_barrette;laurie_anne_cournoyer;BCM113;H2021
laurianne_plante;laurie_anne_cournoyer;BCM113;H2021
laurianne_plante;ariane_barrette;BCM113;H2021
denya_berard;alexis_matte;ECL315;A2022
alexis_matte;denya_berard;ECL315;A2022
amelie_pelletier;gabrielle_beauchesne;ECL404;E2022
gabrielle_beauchesne;amelie_pelletier;ECL404;E2022
denya_berard;philippe_barrette;ECL516;A2021
denya_berard;marilou_cournoyer;ECL516;A2021
marilou_cournoyer;denya_berard;ECL516;A2021
marilou_cournoyer;philippe_barrette;ECL516;A2021
philippe_barrette;denya_berard;ECL516;A2021
philippe_barrette;marilou_cournoyer;ECL516;A2021
marilou_cournoyer;naomie_aubut;ECL522;E2022
naomie_aubut;marilou_cournoyer;ECL522;E2022
nicolas_pelletier;marilou_cournoyer;ECL527;A2021
nicolas_pelletier;denya_berard;ECL527;A2021
nicolas_pelletier;philippe_barrette;ECL527;A2021
marilou_cournoyer;nicolas_pelletier;ECL527;A2021
marilou_cournoyer;denya_berard;ECL527;A2021
marilou_cournoyer;philippe_barrette;ECL527;A2021
philippe_barrette;nicolas_pelletier;ECL527;A2021
philippe_barrette;marilou_cournoyer;ECL527;A2021
philippe_barrette;denya_berard;ECL527;A2021
denya_berard;philippe_barrette;ECL527;A2021
denya_berard;nicolas_pelletier;ECL527;A2021
denya_berard;marilou_cournoyer;ECL527;A2021
alexandre_martineau;camille_beffort;ECL544;A2022
camille_beffort;alexandre_martineau;ECL544;A2022
alexandre_martineau;camille_beffort;ECL608;A2022
camille_beffort;alexandre_martineau;ECL608;A2022
amelie_pelletier;loek_pascaud;ECN109;H2023
loek_pascaud;amelie_pelletier;ECN109;H2023
xavier_samson;laurie_anne_cournoyer;ZOO105;H2021
laurie_anne_cournoyer;xavier_samson;ZOO105;H2021
;;;
;;;
;;;
denya_berard;camille_guillot;ECL619;E2022
camille_guillot;denya_berard;ECL619;E2022
denya_berard;roxanne_bernier;ECL611;A2022
roxanne_bernier;denya_berard;ECL611;A2022
denya_berard;guillaume_tardif;ECL611;A2022
roxanne_bernier;guillaume_tardif;ECL611;A2022
guillaume_tardif;roxanne_bernier;ECL611;A2022
guillaume_tardif;denya_berard;ECL611;A2022
denya_berard;marilou_cournoyer;ECL610;H2023
marilou_cournoyer;marie-christine_arseneau;ECL610;H2023
marie-christine_arseneau;marilou_cournoyer;ECL610;H2023
marilou_cournoyer;denya_berard;ECL610;H2023
denya_berard;marie-christine_arseneau;ECL610;H2023
marie-christine_arseneau;denya_berard;ECL610;H2023
denya_berard;gabrielle_beauchesne;ZOO304;H2023
gabrielle_beauchesne;denya_berard;ZOO304;H2023
denya_berard;ariane_barrette;ZOO304;H2023
ariane_barrette;gabrielle_beauchesne;ZOO304;H2023
gabrielle_beauchesne;ariane_barrette;ZOO304;H2023
beatrice_dupuis;gabrielle_beauchesne;ZOO304;H2023
gabrielle_beauchesne;beatrice_dupuis;ZOO304;H2023
ariane_barrette;denya_berard;ZOO304;H2023
ariane_barrette;beatrice_dupuis;ZOO304;H2023
beatrice_dupuis;ariane_barrette;ZOO304;H2023
denya_berard;beatrice_dupuis;ZOO304;H2023
beatrice_dupuis;denya_berard;ZOO304;H2023
laura_beland;gabrielle_beauchesne;ZOO304;H2023
gabrielle_beauchesne;laura_beland;ZOO304;H2023
laura_beland;ariane_barrette;ZOO304;H2023
ariane_barrette;laura_beland;ZOO304;H2023
laura_beland;beatrice_dupuis;ZOO304;H2023
beatrice_dupuis;laura_beland;ZOO304;H2023
denya_berard;laura_beland;ZOO304;H2023
laura_beland;denya_berard;ZOO304;H2023
denya_berard;laurie-anne_cournoyer;ZOO304;H2023
laurie-anne_cournoyer;gabrielle_beauchesne;ZOO304;H2023
gabrielle_beauchesne;laurie-anne_cournoyer;ZOO304;H2023
laurie-anne_cournoyer;ariane_barrette;ZOO304;H2023
ariane_barrette;laurie-anne_cournoyer;ZOO304;H2023
laurie-anne_cournoyer;beatrice_dupuis;ZOO304;H2023
beatrice_dupuis;laurie-anne_cournoyer;ZOO304;H2023
laurie-anne_cournoyer;laura_beland;ZOO304;H2023
laura_beland;laurie-anne_cournoyer;ZOO304;H2023
laurie-anne_cournoyer;denya_berard;ZOO304;H2023
denya_berard;lea_maryns;ZOO304;H2023
lea_maryns;denya_berard;ZOO304;H2023
denya_berard;mael_gerin;ZOO304;H2023
lea_maryns;gabrielle_beauchesne;ZOO304;H2023
gabrielle_beauchesne;lea_maryns;ZOO304;H2023
lea_maryns;ariane_barrette;ZOO304;H2023
ariane_barrette;lea_maryns;ZOO304;H2023
lea_maryns;beatrice_dupuis;ZOO304;H2023
beatrice_dupuis;lea_maryns;ZOO304;H2023
lea_maryns;laurie-anne_cournoyer;ZOO304;H2023
laurie-anne_cournoyer;lea_maryns;ZOO304;H2023
lea_maryns;laura_beland;ZOO304;H2023
laura_beland;lea_maryns;ZOO304;H2023
mael_gerin;gabrielle_beauchesne;ZOO304;H2023
gabrielle_beauchesne;mael_gerin;ZOO304;H2023
mael_gerin;ariane_barrette;ZOO304;H2023
ariane_barrette;mael_gerin;ZOO304;H2023
mael_gerin;beatrice_dupuis;ZOO304;H2023
beatrice_dupuis;mael_gerin;ZOO304;H2023
mael_gerin;laurie-anne_cournoyer;ZOO304;H2023
laurie-anne_cournoyer;mael_gerin;ZOO304;H2023
mael_gerin;laura_beland;ZOO304;H2023
laura_beland;mael_gerin;ZOO304;H2023
mael_gerin;denya_berard;ZOO304;H2023
olivier_whitter;gabrielle_beauchesne;ZOO304;H2023
gabrielle_beauchesne;olivier_whitter;ZOO304;H2023
olivier_whitter;ariane_barrette;ZOO304;H2023
ariane_barrette;olivier_whitter;ZOO304;H2023
olivier_whitter;beatrice_dupuis;ZOO304;H2023
beatrice_dupuis;olivier_whitter;ZOO304;H2023
olivier_whitter;laura_beland;ZOO304;H2023
laura_beland;olivier_whitter;ZOO304;H2023
olivier_whitter;laurie-anne_cournoyer;ZOO304;H2023
laurie-anne_cournoyer;olivier_whitter;ZOO304;H2023
olivier_whitter;lea_maryns;ZOO304;H2023
lea_maryns;olivier_whitter;ZOO304;H2023
olivier_whitter;mael_gerin;ZOO304;H2023
mael_gerin;olivier_whitter;ZOO304;H2023
denya_berard;olivier_whitter;ZOO304;H2023
olivier_whitter;denya_berard;ZOO304;H2023
samuel_beaulac;gabrielle_beauchesne;ZOO304;H2023
gabrielle_beauchesne;samuel_beaulac;ZOO304;H2023
samuel_beaulac;ariane_barrette;ZOO304;H2023
ariane_barrette;samuel_beaulac;ZOO304;H2023
samuel_beaulac;beatrice_dupuis;ZOO304;H2023
beatrice_dupuis;samuel_beaulac;ZOO304;H2023
samuel_beaulac;laurie-anne_cournoyer;ZOO304;H2023
laurie-anne_cournoyer;samuel_beaulac;ZOO304;H2023
samuel_beaulac;laura_beland;ZOO304;H2023
laura_beland;samuel_beaulac;ZOO304;H2023
samuel_beaulac;lea_maryns;ZOO304;H2023
lea_maryns;samuel_beaulac;ZOO304;H2023
samuel_beaulac;mael_gerin;ZOO304;H2023
mael_gerin;samuel_beaulac;ZOO304;H2023
samuel_beaulac;olivier_whitter;ZOO304;H2023
olivier_whitter;samuel_beaulac;ZOO304;H2023
denya_berard;samuel_beaulac;ZOO304;H2023
samuel_beaulac;denya_berard;ZOO304;H2023
denya_berard;roxanne_bernier;ECL406;E2022
roxanne_bernier;denya_berard;ECL406;E2022
denya_berard;roxanne_bernier;ECL527;A2021
roxanne_bernier;denya_berard;ECL527;A2021
denya_berard;marilou_cournoyer;ECL527;A2021
marilou_cournoyer;denya_berard;ECL527;A2021
marilou_cournoyer;roxanne_bernier;ECL527;A2021
roxanne_bernier;marilou_cournoyer;ECL527;A2021
denya_berard;nicolas_pelletier;ECL527;A2021
nicolas_pelletier;denya_berard;ECL527;A2021
nicolas_pelletier;marilou_cournoyer;ECL527;A2021
marilou_cournoyer;nicolas_pelletier;ECL527;A2021
nicolas_pelletier;roxanne_bernier;ECL527;A2021
roxanne_bernier;nicolas_pelletier;ECL527;A2021
denya_berard;philippe_barette;ECL527;A2021
philippe_barette;denya_berard;ECL527;A2021
philippe_barette;marilou_cournoyer;ECL527;A2021
marilou_cournoyer;philippe_barette;ECL527;A2021
philippe_barette;roxanne_bernier;ECL527;A2021
roxanne_bernier;philippe_barette;ECL527;A2021
philippe_barette;nicolas_pelletier;ECL527;A2021
nicolas_pelletier;philippe_barette;ECL527;A2021
roxanne_bernier;marie-christine_arseneau;;
marie-christine_arseneau;roxanne_bernier;;
roxanne_bernier;marilou_cournoyer;;
marilou_cournoyer;roxanne_bernier;;
marie-christine_arseneau;marilou_cournoyer;;
marilou_cournoyer;marie-christine_arseneau;;
denya_berard;roxanne_bernier;ECL615;E2022
roxanne_bernier;denya_berard;ECL615;E2022
denya_berard;marie-christine_arseneau;ECL615;E2022
marie-christine_arseneau;denya_berard;ECL615;E2022
denya_berard;marilou_cournoyer;ECL615;E2022
marilou_cournoyer;denya_berard;ECL615;E2022
denya_berard;naomie_aubut;ENT102;H2023
naomie_aubut;denya_berard;ENT102;H2023
;;;
marie_christine_arseneau;juliette_larrivee;BCM113;H2021
marie_christine_arseneau;gabrielle_beauchesne;TSB303;H2021
marie_christine_arseneau;marie_bughin;TSB303;H2021
marie_christine_arseneau;simon_guillemette;TSB303;H2021
marie_christine_arseneau;sabrina_leclercq;TSB303;H2021
marie_christine_arseneau;yannick_sageau;TSB303;H2021
gabrielle_beauchesne;marie_bughin;TSB303;H2021
gabrielle_beauchesne;simon_guillemette;TSB303;H2021
gabrielle_beauchesne;sabrina_leclercq;TSB303;H2021
gabrielle_beauchesne;yannick_sageau;TSB303;H2021
marie_bughin;gabrielle_beauchesne;TSB303;H2021
marie_bughin;simon_guillemette;TSB303;H2021
marie_bughin;sabrina_leclercq;TSB303;H2021
marie_bughin;yannick_sageau;TSB303;H2021
simon_guillemette;gabrielle_beauchesne;TSB303;H2021
simon_guillemette;marie_bughin;TSB303;H2021
simon_guillemette;sabrina_leclercq;TSB303;H2021
simon_guillemette;yannick_sageau;TSB303;H2021
sabrina_leclercq;gabrielle_beauchesne;TSB303;H2021
sabrina_leclercq;marie_bughin;TSB303;H2021
sabrina_leclercq;simon_guillemette;TSB303;H2021
sabrina_leclercq;yannick_sageau;TSB303;H2021
yannick_sageau;gabrielle_beauchesne;TSB303;H2021
yannick_sageau;marie_bughin;TSB303;H2021
yannick_sageau;simon_guillemette;TSB303;H2021
yannick_sageau;sabrina_leclercq;TSB303;H2021
marie_christine_arseneau;juliette_larrivee;BIO109;H2021
marie_christine_arseneau;catherine_viel_lapointe;BIO109;H2021
marie_christine_arseneau;francis_bourassa;BIO109;H2021
juliette_larrivee;catherine_viel_lapointe;BIO109;H2021
juliette_larrivee;francis_bourassa;BIO109;H2021
catherine_viel_lapointe;juliette_larrivee;BIO109;H2021
catherine_viel_lapointe;francis_bourassa;BIO109;H2021
francis_bourassa;juliette_larrivee;BIO109;H2021
francis_bourassa;catherine_viel_lapointe;BIO109;H2021
marie_christine_arseneau;camelia_couture;ECL516;A2021
marie_christine_arseneau;emmanuelle_orsini;ECL516;A2021
camelia_couture;emmanuelle_orsini;ECL516;A2021
emmanuelle_orsini;camelia_couture;ECL516;A2021
marie_christine_arseneau;samuel_beaulac;ECL527;A2021
marie_christine_arseneau;samuel_fortin;ECL527;A2021
marie_christine_arseneau;celia_agesta;ECL527;A2021
samuel_beaulac;celia_agesta;ECL527;A2021
samuel_beaulac;samuel_fortin;ECL527;A2021
samuel_fortin;celia_agesta;ECL527;A2021
samuel_fortin;samuel_beaulac;ECL527;A2021
celia_agesta;samuel_fortin;ECL527;A2021
celia_agesta;samuel_beaulac;ECL527;A2021
marie_christine_arseneau;denya_berard;ECL615;E2022
marie_christine_arseneau;roxanne_bernier;ECL615;E2022
marie_christine_arseneau;marilou_cournoyer;ECL615;E2022
denya_berard;roxanne_bernier;ECL615;E2022
denya_berard;marilou_cournoyer;ECL615;E2022
roxanne_bernier;marilou_cournoyer;ECL615;E2022
roxanne_bernier;denya_berard;ECL615;E2022
marilou_cournoyer;roxanne_bernier;ECL615;E2022
marilou_cournoyer;denya_berard;ECL615;E2022
marie_christine_arseneau;gabrielle_beauchesne;ECL522;E2022
marie_christine_arseneau;roxanne_bernier;BOT512;E2022
marie_christine_arseneau;denya_berard;BOT512;E2022
roxanne_bernier;denya_berard;BOT512;E2022
denya_berard;roxanne_bernier;BOT512;E2022
marie_christine_arseneau;roxanne_bernier;ECL403;E2022
marie_christine_arseneau;denya_berard;ECL403;E2022
roxanne_bernier;denya_berard;ECL403;E2022
denya_berard;roxanne_bernier;ECL403;E2022
marie_christine_arseneau;gabrielle_beauchesne;ECL515;E2022
marie_christine_arseneau;denya_berard;ECL404;E2022
marie_christine_arseneau;magalie_bosse;ECL404;E2022
denya_berard;magalie_bosse;ECL404;E2022
magalie_bosse;denya_berard;ECL404;E2022
marie_christine_arseneau;amelie_pelletier;BIO301;H2023
marie_christine_arseneau;marilou_cournoyer;BIO301;H2023
amelie_pelletier;marilou_cournoyer;BIO301;H2023
marilou_cournoyer;amelie_pelletier;BIO301;H2023
marie_christine_arseneau;denya_berard;BIO500;H2023
marie_christine_arseneau;roxanne_bernier;BIO500;H2023
marie_christine_arseneau;philippe_barrette;BIO500;H2023
denya_berard;roxanne_bernier;BIO500;H2023
denya_berard;philippe_barrette;BIO500;H2023
roxanne_bernier;denya_berard;BIO500;H2023
roxanne_bernier;philippe_barrette;BIO500;H2023
philippe_barrette;denya_berard;BIO500;H2023
philippe_barrette;roxanne_bernier;BIO500;H2023
marie_christine_arseneau;gabrielle_beauchesne;BOT400;H2023
marie_christine_arseneau;marilou_cournoyer;ECL610;H2023
marie_christine_arseneau;denya_berard;ECL610;H2023
marilou_cournoyer;denya_berard;ECL610;H2023
denya_berard;marilou_cournoyer;ECL610;H2023
marie_christine_arseneau;magalie_bosse;ENT102;H2023
marie_christine_arseneau;roxanne_bernier;ZOO304;H2023
juliette_larrivee;marie_christine_arseneau;BCM113;H2021
gabrielle_beauchesne;marie_christine_arseneau;TSB303;H2021
marie_bughin;marie_christine_arseneau;TSB303;H2021
simon_guillemette;marie_christine_arseneau;TSB303;H2021
sabrina_leclercq;marie_christine_arseneau;TSB303;H2021
yannick_sageau;marie_christine_arseneau;TSB303;H2021
juliette_larrivee;marie_christine_arseneau;BIO109;H2021
catherine_viel_lapointe;marie_christine_arseneau;BIO109;H2021
francis_bourassa;marie_christine_arseneau;BIO109;H2021
camelia_couture;marie_christine_arseneau;ECL516;A2021
emmanuelle_orsini;marie_christine_arseneau;ECL516;A2021
samuel_beaulac;marie_christine_arseneau;ECL527;A2021
samuel_fortin;marie_christine_arseneau;ECL527;A2021
celia_agesta;marie_christine_arseneau;ECL527;A2021
denya_berard;marie_christine_arseneau;ECL615;E2022
roxanne_bernier;marie_christine_arseneau;ECL615;E2022
marilou_cournoyer;marie_christine_arseneau;ECL615;E2022
gabrielle_beauchesne;marie_christine_arseneau;ECL522;E2022
roxanne_bernier;marie_christine_arseneau;BOT512;E2022
denya_berard;marie_christine_arseneau;BOT512;E2022
roxanne_bernier;marie_christine_arseneau;ECL403;E2022
denya_berard;marie_christine_arseneau;ECL403;E2022
gabrielle_beauchesne;marie_christine_arseneau;ECL515;E2022
denya_berard;marie_christine_arseneau;ECL404;E2022
magalie_bosse;marie_christine_arseneau;ECL404;E2022
amelie_pelletier;marie_christine_arseneau;BIO301;H2023
marilou_cournoyer;marie_christine_arseneau;BIO301;H2023
denya_berard;marie_christine_arseneau;BIO500;H2023
roxanne_bernier;marie_christine_arseneau;BIO500;H2023
philippe_barrette;marie_christine_arseneau;BIO500;H2023
gabrielle_beauchesne;marie_christine_arseneau;BOT400;H2023
marilou_cournoyer;marie_christine_arseneau;ECL610;H2023
denya_berard;marie_christine_arseneau;ECL610;H2023
magalie_bosse;marie_christine_arseneau;ENT102;H2023
roxanne_bernier;marie_christine_arseneau;ZOO304;H2023
