etudiant1;etudiant2;sigle;session
simon_bourgeois;hugo_morin-brassard;BCM113;H2021
hugo_morin-brassard;simon_bourgeois;BCM113;H2021
simon_bourgeois;hugo_morin-brassard;BIO109;H2021
simon_bourgeois;charles_ferland;BIO109;H2021
simon_bourgeois;raphael_charlebois;BIO109;H2021
simon_bourgeois;thomas_raymond;BIO109;H2021
hugo_morin-brassard;simon_bourgeois;BIO109;H2021
hugo_morin-brassard;charles_ferland;BIO109;H2021
hugo_morin-brassard;raphael_charlebois;BIO109;H2021
hugo_morin-brassard;thomas_raymond;BIO109;H2021
charles_ferland;simon_bourgeois;BIO109;H2021
charles_ferland;hugo_morin-brassard;BIO109;H2021
charles_ferland;raphael_charlebois;BIO109;H2021
charles_ferland;thomas_raymond;BIO109;H2021
raphael_charlebois;simon_bourgeois;BIO109;H2021
raphael_charlebois;hugo_morin-brassard;BIO109;H2021
raphael_charlebois;raphael_charlebois;BIO109;H2021
raphael_charlebois;charles_ferland;BIO109;H2021
thomas_raymond;simon_bourgeois;BIO109;H2021
thomas_raymond;charles_ferland;BIO109;H2021
thomas_raymond;raphael_charlebois;BIO109;H2021
thomas_raymond;hugo_morin-brassard;BIO109;H2021
simon_bourgeois;kayla_trempe-kay;TSB303;H2021
simon_bourgeois;charles_ferland;TSB303;H2021
simon_bourgeois;penelope_robert;TSB303;H2021
simon_bourgeois;samuel_lajeunesse;TSB303;H2021
simon_bourgeois;marie-claude_mayotte;TSB303;H2021
kayla_trempe-kay;simon_bourgeois;TSB303;H2021
kayla_trempe-kay;charles_ferland;TSB303;H2021
kayla_trempe-kay;penelope_robert;TSB303;H2021
kayla_trempe-kay;samuel_lajeunesse;TSB303;H2021
kayla_trempe-kay;marie-claude_mayotte;TSB303;H2021
charles_ferland;simon_bourgeois;TSB303;H2021
charles_ferland;kayla_trempe-kay;TSB303;H2021
charles_ferland;penelope_robert;TSB303;H2021
charles_ferland;samuel_lajeunesse;TSB303;H2021
charles_ferland;marie-claude_mayotte;TSB303;H2021
penelope_robert;simon_bourgeois;TSB303;H2021
penelope_robert;charles_ferland;TSB303;H2021
penelope_robert;kayla_trempe-kay;TSB303;H2021
penelope_robert;samuel_lajeunesse;TSB303;H2021
penelope_robert;marie-claude_mayotte;TSB303;H2021
samuel_lajeunesse;simon_bourgeois;TSB303;H2021
samuel_lajeunesse;charles_ferland;TSB303;H2021
samuel_lajeunesse;kayla_trempe-kay;TSB303;H2021
samuel_lajeunesse;penelope_robert;TSB303;H2021
samuel_lajeunesse;marie-claude_mayotte;TSB303;H2021
marie-claude_mayotte;simon_bourgeois;TSB303;H2021
marie-claude_mayotte;charles_ferland;TSB303;H2021
marie-claude_mayotte;kayla_trempe-kay;TSB303;H2021
marie-claude_mayotte;penelope_robert;TSB303;H2021
marie-claude_mayotte;samuel_lajeunesse;TSB303;H2021
simon_bourgeois;raphael_charlebois;MCB101;H2021
raphael_charlebois;simon_bourgeois;MCB101;H2021
simon_bourgeois;hugo_morin-brassard;ZOO105;H2021
simon_bourgeois;thomas_raymond;ZOO105;H2021
hugo_morin-brassard;simon_bourgeois;ZOO105;H2021
hugo_morin-brassard;thomas_raymond;ZOO105;H2021
thomas_raymond;hugo_morin-brassard;ZOO105;H2021
thomas_raymond;simon_bourgeois;ZOO105;H2021
simon_bourgeois;hugo_morin-brassard;ZOO306;H2021
hugo_morin-brassard;simon_bourgeois;ZOO306;H2021
simon_bourgeois;felix-olivier_dufour;BCM104;H2021
simon_bourgeois;mia_carriere;BCM104;H2021
simon_bourgeois;juliette_meilleur;BCM104;H2021
simon_bourgeois;justine_labelle;BCM104;H2021
simon_bourgeois;marie-claude_mayotte;BCM104;H2021
simon_bourgeois;hugo_morin-brassard;BCM104;H2021
simon_bourgeois;charles_ferland;BCM104;H2021
simon_bourgeois;kayla_trempe-kay;BCM104;H2021
simon_bourgeois;penelope_robert;BCM104;H2021
felix-olivier_dufour;simon_bourgeois;BCM104;H2021
felix-olivier_dufour;mia_carriere;BCM104;H2021
felix-olivier_dufour;juliette_meilleur;BCM104;H2021
felix-olivier_dufour;justine_labelle;BCM104;H2021
felix-olivier_dufour;marie-claude_mayotte;BCM104;H2021
felix-olivier_dufour;hugo_morin-brassard;BCM104;H2021
felix-olivier_dufour;charles_ferland;BCM104;H2021
felix-olivier_dufour;kayla_trempe-kay;BCM104;H2021
felix-olivier_dufour;penelope_robert;BCM104;H2021
mia_carriere;felix-olivier_dufour;BCM104;H2021
mia_carriere;simon_bourgeois;BCM104;H2021
mia_carriere;juliette_meilleur;BCM104;H2021
mia_carriere;justine_labelle;BCM104;H2021
mia_carriere;marie-claude_mayotte;BCM104;H2021
mia_carriere;hugo_morin-brassard;BCM104;H2021
mia_carriere;charles_ferland;BCM104;H2021
mia_carriere;kayla_trempe-kay;BCM104;H2021
mia_carriere;penelope_robert;BCM104;H2021
juliette_meilleur;felix-olivier_dufour;BCM104;H2021
juliette_meilleur;mia_carriere;BCM104;H2021
juliette_meilleur;simon_bourgeois;BCM104;H2021
juliette_meilleur;justine_labelle;BCM104;H2021
juliette_meilleur;marie-claude_mayotte;BCM104;H2021
juliette_meilleur;hugo_morin-brassard;BCM104;H2021
juliette_meilleur;charles_ferland;BCM104;H2021
juliette_meilleur;kayla_trempe-kay;BCM104;H2021
juliette_meilleur;penelope_robert;BCM104;H2021
justine_labelle;felix-olivier_dufour;BCM104;H2021
justine_labelle;mia_carriere;BCM104;H2021
justine_labelle;juliette_meilleur;BCM104;H2021
justine_labelle;simon_bourgeois;BCM104;H2021
justine_labelle;marie-claude_mayotte;BCM104;H2021
justine_labelle;hugo_morin-brassard;BCM104;H2021
justine_labelle;charles_ferland;BCM104;H2021
justine_labelle;kayla_trempe-kay;BCM104;H2021
justine_labelle;penelope_robert;BCM104;H2021
marie-claude_mayotte;felix-olivier_dufour;BCM104;H2021
marie-claude_mayotte;mia_carriere;BCM104;H2021
marie-claude_mayotte;juliette_meilleur;BCM104;H2021
marie-claude_mayotte;justine_labelle;BCM104;H2021
marie-claude_mayotte;simon_bourgeois;BCM104;H2021
marie-claude_mayotte;hugo_morin-brassard;BCM104;H2021
marie-claude_mayotte;charles_ferland;BCM104;H2021
marie-claude_mayotte;kayla_trempe-kay;BCM104;H2021
marie-claude_mayotte;penelope_robert;BCM104;H2021
hugo_morin-brassard;felix-olivier_dufour;BCM104;H2021
hugo_morin-brassard;mia_carriere;BCM104;H2021
hugo_morin-brassard;juliette_meilleur;BCM104;H2021
hugo_morin-brassard;justine_labelle;BCM104;H2021
hugo_morin-brassard;marie-claude_mayotte;BCM104;H2021
hugo_morin-brassard;simon_bourgeois;BCM104;H2021
hugo_morin-brassard;charles_ferland;BCM104;H2021
hugo_morin-brassard;kayla_trempe-kay;BCM104;H2021
hugo_morin-brassard;penelope_robert;BCM104;H2021
charles_ferland;felix-olivier_dufour;BCM104;H2021
charles_ferland;mia_carriere;BCM104;H2021
charles_ferland;juliette_meilleur;BCM104;H2021
charles_ferland;justine_labelle;BCM104;H2021
charles_ferland;marie-claude_mayotte;BCM104;H2021
charles_ferland;hugo_morin-brassard;BCM104;H2021
charles_ferland;simon_bourgeois;BCM104;H2021
charles_ferland;kayla_trempe-kay;BCM104;H2021
charles_ferland;penelope_robert;BCM104;H2021
kayla_trempe-kay;felix-olivier_dufour;BCM104;H2021
kayla_trempe-kay;mia_carriere;BCM104;H2021
kayla_trempe-kay;juliette_meilleur;BCM104;H2021
kayla_trempe-kay;justine_labelle;BCM104;H2021
kayla_trempe-kay;marie-claude_mayotte;BCM104;H2021
kayla_trempe-kay;hugo_morin-brassard;BCM104;H2021
kayla_trempe-kay;charles_ferland;BCM104;H2021
kayla_trempe-kay;simon_bourgeois;BCM104;H2021
kayla_trempe-kay;penelope_robert;BCM104;H2021
penelope_robert;felix-olivier_dufour;BCM104;H2021
penelope_robert;mia_carriere;BCM104;H2021
penelope_robert;juliette_meilleur;BCM104;H2021
penelope_robert;justine_labelle;BCM104;H2021
penelope_robert;marie-claude_mayotte;BCM104;H2021
penelope_robert;hugo_morin-brassard;BCM104;H2021
penelope_robert;charles_ferland;BCM104;H2021
penelope_robert;kayla_trempe-kay;BCM104;H2021
penelope_robert;simon_bourgeois;BCM104;H2021
simon_bourgeois;hugo_morin-brassard;BIO300;A2021
hugo_morin-brassard;simon_bourgeois;BIO300;A2021
simon_bourgeois;hugo_morin-brassard;ECL516;A2021
simon_bourgeois;charles_ferland;ECL516;A2021
simon_bourgeois;felix-olivier_dufour;ECL516;A2021
hugo_morin-brassard;simon_bourgeois;ECL516;A2021
hugo_morin-brassard;charles_ferland;ECL516;A2021
hugo_morin-brassard;felix-olivier_dufour;ECL516;A2021
charles_ferland;hugo_morin-brassard;ECL516;A2021
charles_ferland;simon_bourgeois;ECL516;A2021
charles_ferland;felix-olivier_dufour;ECL516;A2021
felix-olivier_dufour;hugo_morin-brassard;ECL516;A2021
felix-olivier_dufour;charles_ferland;ECL516;A2021
felix-olivier_dufour;simon_bourgeois;ECL516;A2021
simon_bourgeois;penelope_robert;ECL527;A2021
simon_bourgeois;hugo_morin-brassard;ECL527;A2021
simon_bourgeois;charles_ferland;ECL527;A2021
simon_bourgeois;felix-olivier_dufour;ECL527;A2021
penelope_robert;simon_bourgeois;ECL527;A2021
penelope_robert;hugo_morin-brassard;ECL527;A2021
penelope_robert;charles_ferland;ECL527;A2021
penelope_robert;felix-olivier_dufour;ECL527;A2021
hugo_morin-brassard;penelope_robert;ECL527;A2021
hugo_morin-brassard;simon_bourgeois;ECL527;A2021
hugo_morin-brassard;charles_ferland;ECL527;A2021
hugo_morin-brassard;felix-olivier_dufour;ECL527;A2021
charles_ferland;penelope_robert;ECL527;A2021
charles_ferland;hugo_morin-brassard;ECL527;A2021
charles_ferland;simon_bourgeois;ECL527;A2021
charles_ferland;felix-olivier_dufour;ECL527;A2021
felix-olivier_dufour;penelope_robert;ECL527;A2021
felix-olivier_dufour;hugo_morin-brassard;ECL527;A2021
felix-olivier_dufour;charles_ferland;ECL527;A2021
felix-olivier_dufour;simon_bourgeois;ECL527;A2021
simon_bourgeois;charles_ferland;ECL403;E2022
simon_bourgeois;louis-philippe_theriault;ECL403;E2022
charles_ferland;simon_bourgeois;ECL403;E2022
charles_ferland;louis-philippe_theriault;ECL403;E2022
louis-philippe_theriault;charles_ferland;ECL403;E2022
louis-philippe_theriault;simon_bourgeois;ECL403;E2022
simon_bourgeois;hugo_morin-brassard;ECL404;E2022
hugo_morin-brassard;simon_bourgeois;ECL404;E2022
simon_bourgeois;hugo_morin-brassard;ECL406;E2022
hugo_morin-brassard;simon_bourgeois;ECL406;E2022
simon_bourgeois;charles_ferland;ECL515;E2022
charles_ferland;simon_bourgeois;ECL515;E2022
simon_bourgeois;hugo_morin-brassard;ECL535;E2022
simon_bourgeois;felix-olivier_dufour;ECL535;E2022
hugo_morin-brassard;simon_bourgeois;ECL535;E2022
hugo_morin-brassard;felix-olivier_dufour;ECL535;E2022
felix-olivier_dufour;hugo_morin-brassard;ECL535;E2022
felix-olivier_dufour;simon_bourgeois;ECL535;E2022
simon_bourgeois;felix-olivier_dufour;ENT101;E2022
simon_bourgeois;louis-philippe_theriault;ENT101;E2022
simon_bourgeois;hugo_morin-brassard;ENT101;E2022
felix-olivier_dufour;simon_bourgeois;ENT101;E2022
felix-olivier_dufour;louis-philippe_theriault;ENT101;E2022
felix-olivier_dufour;hugo_morin-brassard;ENT101;E2022
louis-philippe_theriault;felix-olivier_dufour;ENT101;E2022
louis-philippe_theriault;simon_bourgeois;ENT101;E2022
louis-philippe_theriault;hugo_morin-brassard;ENT101;E2022
hugo_morin-brassard;felix-olivier_dufour;ENT101;E2022
hugo_morin-brassard;louis-philippe_theriault;ENT101;E2022
hugo_morin-brassard;simon_bourgeois;ENT101;E2022
simon_bourgeois;kayla_trempe-kay;BIO500;H2023
simon_bourgeois;justine_labelle;BIO500;H2023
simon_bourgeois;philippe_bourassa;BIO500;H2023
kayla_trempe-kay;simon_bourgeois;BIO500;H2023
kayla_trempe-kay;justine_labelle;BIO500;H2023
kayla_trempe-kay;philippe_bourassa;BIO500;H2023
justine_labelle;kayla_trempe-kay;BIO500;H2023
justine_labelle;simon_bourgeois;BIO500;H2023
justine_labelle;philippe_bourassa;BIO500;H2023
philippe_bourassa;kayla_trempe-kay;BIO500;H2023
philippe_bourassa;justine_labelle;BIO500;H2023
philippe_bourassa;simon_bourgeois;BIO500;H2023
simon_bourgeois;hugo_morin-brassard;BOT400;H2023
hugo_morin-brassard;simon_bourgeois;BOT400;H2023
simon_bourgeois;hugo_morin-brassard;ECL603;H2023
hugo_morin-brassard;simon_bourgeois;ECL603;H2023
simon_bourgeois;charles_ferland;ECL610;H2023
simon_bourgeois;felix-olivier_dufour;ECL610;H2023
simon_bourgeois;hugo_morin-brassard;ECL610;H2023
charles_ferland;simon_bourgeois;ECL610;H2023
charles_ferland;felix-olivier_dufour;ECL610;H2023
charles_ferland;hugo_morin-brassard;ECL610;H2023
felix-olivier_dufour;charles_ferland;ECL610;H2023
felix-olivier_dufour;simon_bourgeois;ECL610;H2023
felix-olivier_dufour;hugo_morin-brassard;ECL610;H2023
hugo_morin-brassard;charles_ferland;ECL610;H2023
hugo_morin-brassard;felix-olivier_dufour;ECL610;H2023
hugo_morin-brassard;simon_bourgeois;ECL610;H2023
simon_bourgeois;louis-philippe_theriault;ENT102;H2023
louis-philippe_theriault;simon_bourgeois;ENT102;H2023
simon_bourgeois;hugo_morin-brassard;BIO401;H2023
hugo_morin-brassard;simon_bourgeois;BIO401;H2023
kayla_trempe-kay;marie-claude_mayotte;BCM113;H2021
marie-claude_mayotte;kayla_trempe-kay;BCM113;H2021
kayla_trempe-kay;penelope_robert;BIO109;H2021
penelope_robert;kayla_trempe-kay;BIO109;H2021
kayla_trempe-kay;denya_berard;BIO109;H2021
denya_berard;kayla_trempe-kay;BIO109;H2021
kayla_trempe-kay;marie-claude_mayotte;BIO109;H2021
marie-claude_mayotte;kayla_trempe-kay;BIO109;H2021
marie-claude_mayotte;denya_berard;BIO109;H2021
denya_berard;marie-claude_mayotte;BIO109;H2021
penelope_robert;marie-claude_mayotte;BIO109;H2021
marie-claude_mayotte;penelope_robert;BIO109;H2021
denya_berard;penelope_robert;BIO109;H2021
penelope_robert;denya_berard;BIO109;H2021
kayla_trempe-kay;marie-claude_mayotte;MCB101;H2021
marie-claude_mayotte;kayla_trempe-kay;MCB101;H2021
kayla_trempe-kay;marie-claude_mayotte;ZOO105;H2021
marie-claude_mayotte;kayla_trempe-kay;ZOO105;H2021
kayla_trempe-kay;marie-claude_mayotte;ZOO306;H2021
marie-claude_mayotte;kayla_trempe-kay;ZOO306;H2021
kayla_trempe-kay;juliette_meilleur;ECL516;A2021
juliette_meilleur;kayla_trempe-kay;ECL516;A2021
kayla_trempe-kay;penelope_robert;ECL516;A2021
penelope_robert;kayla_trempe-kay;ECL516;A2021
penelope_robert;juliette_meilleur;ECL516;A2021
juliette_meilleur;penelope_robert;ECL516;A2021
kayla_trempe-kay;mia_carriere;ECL527;A2021
mia_carriere;kayla_trempe-kay;ECL527;A2021
kayla_trempe-kay;juliette_meilleur;ECL527;A2021
juliette_meilleur;kayla_trempe-kay;ECL527;A2021
kayla_trempe-kay;marie-claude_mayotte;ECL527;A2021
marie-claude_mayotte;kayla_trempe-kay;ECL527;A2021
kayla_trempe-kay;justine_labelle;ECL527;A2021
justine_labelle;kayla_trempe-kay;ECL527;A2021
mia_carriere;justine_labelle;ECL527;A2021
justine_labelle;mia_carriere;ECL527;A2021
mia_carriere;marie-claude_mayotte;ECL527;A2021
marie-claude_mayotte;mia_carriere;ECL527;A2021
mia_carriere;juliette_meilleur;ECL527;A2021
juliette_meilleur;mia_carriere;ECL527;A2021
justine_labelle;juliette_meilleur;ECL527;A2021
juliette_meilleur;justine_labelle;ECL527;A2021
juliette_meilleur;marie-claude_mayotte;ECL527;A2021
marie-claude_mayotte;juliette_meilleur;ECL527;A2021
marie-claude_mayotte;justine_labelle;ECL527;A2021
justine_labelle;marie-claude_mayotte;ECL527;A2021
kayla_trempe-kay;mia_carriere;ECL403;E2022
mia_carriere;kayla_trempe-kay;ECL403;E2022
kayla_trempe-kay;justine_labelle;ECL403;E2022
justine_labelle;kayla_trempe-kay;ECL403;E2022
mia_carriere;justine_labelle;ECL403;E2022
justine_labelle;mia_carriere;ECL403;E2022
kayla_trempe-kay;penelope_robert;ECL404;E2022
penelope_robert;kayla_trempe-kay;ECL404;E2022
kayla_trempe-kay;philippe_bourassa;ECL404;E2022
philippe_bourassa;kayla_trempe-kay;ECL404;E2022
kayla_trempe-kay;philippe_bourassa;ECL404;E2022
philippe_bourassa;penelope_robert;ECL404;E2022
penelope_robert;philippe_bourassa;ECL404;E2022
kayla_trempe-kay;beatrice_dupuis;ECL406;E2022
beatrice_dupuis;kayla_trempe-kay;ECL406;E2022
kayla_trempe-kay;justine_labelle;ECL515;E2022
justine_labelle;kayla_trempe-kay;ECL515;E2022
kayla_trempe-kay;beatrice_dupuis;ECL535;E2022
beatrice_dupuis;kayla_trempe-kay;ECL535;E2022
kayla_trempe-kay;beatrice_dupuis;ECL406;E2022
beatrice_dupuis;kayla_trempe-kay;ECL406;E2022
kayla_trempe-kay;beatrice_dupuis;BOT400;H2023
beatrice_dupuis;kayla_trempe-kay;BOT400;H2023
kayla_trempe-kay;penelope_robert;ECL603;H2023
penelope_robert;kayla_trempe-kay;ECL603;H2023
kayla_trempe-kay;beatrice_dupuis;ECL603;H2023
beatrice_dupuis;kayla_trempe-kay;ECL603;H2023
penelope_robert;beatrice_dupuis;ECL603;H2023
beatrice_dupuis;penelope_robert;ECL603;H2023
kayla_trempe-kay;beatrice_dupuis;ECL610;H2023
beatrice_dupuis;kayla_trempe-kay;ECL610;H2023
kayla_trempe-kay;justine_labelle;ECL610;H2023
justine_labelle;kayla_trempe-kay;ECL610;H2023
kayla_trempe-kay;mia_carriere;ECL610;H2023
mia_carriere;kayla_trempe-kay;ECL610;H2023
mia_carriere;justine_labelle;ECL610;H2023
justine_labelle;mia_carriere;ECL610;H2023
mia_carriere;beatrice_dupuis;ECL610;H2023
beatrice_dupuis;mia_carriere;ECL610;H2023
justine_labelle;beatrice_dupuis;ECL610;H2023
beatrice_dupuis;justine_labelle;ECL610;H2023
kayla_trempe-kay;beatrice_dupuis;ZOO304;H2023
beatrice_dupuis;kayla_trempe-kay;ZOO304;H2023
kayla_trempe-kay;axel_gravier;ZOO304;H2023
kayla_trempe-kay;benjamin_auclair;ZOO304;H2023
kayla_trempe-kay;camille_barjol;ZOO304;H2023
kayla_trempe-kay;cassandra_godin;ZOO304;H2023
kayla_trempe-kay;marie-christine_arseneau;ZOO304;H2023
kayla_trempe-kay;roxanne_bernier;ZOO304;H2023
kayla_trempe-kay;sabrina_leclercq;ZOO304;H2023
kayla_trempe-kay;samuel_fortin;ZOO304;H2023
axel_gravier;kayla_trempe-kay;ZOO304;H2023
axel_gravier;benjamin_auclair;ZOO304;H2023
axel_gravier;camille_barjol;ZOO304;H2023
axel_gravier;cassandra_godin;ZOO304;H2023
axel_gravier;marie-christine_arseneau;ZOO304;H2023
axel_gravier;roxanne_bernier;ZOO304;H2023
axel_gravier;sabrina_leclercq;ZOO304;H2023
axel_gravier;samuel_fortin;ZOO304;H2023
benjamin_auclair;axel_gravier;ZOO304;H2023
benjamin_auclair;kayla_trempe-kay;ZOO304;H2023
benjamin_auclair;camille_barjol;ZOO304;H2023
benjamin_auclair;cassandra_godin;ZOO304;H2023
benjamin_auclair;marie-christine_arseneau;ZOO304;H2023
benjamin_auclair;roxanne_bernier;ZOO304;H2023
benjamin_auclair;sabrina_leclercq;ZOO304;H2023
benjamin_auclair;samuel_fortin;ZOO304;H2023
camille_barjol;axel_gravier;ZOO304;H2023
camille_barjol;benjamin_auclair;ZOO304;H2023
camille_barjol;kayla_trempe-kay;ZOO304;H2023
camille_barjol;cassandra_godin;ZOO304;H2023
camille_barjol;marie-christine_arseneau;ZOO304;H2023
camille_barjol;roxanne_bernier;ZOO304;H2023
camille_barjol;sabrina_leclercq;ZOO304;H2023
camille_barjol;samuel_fortin;ZOO304;H2023
cassandra_godin;axel_gravier;ZOO304;H2023
cassandra_godin;benjamin_auclair;ZOO304;H2023
cassandra_godin;camille_barjol;ZOO304;H2023
cassandra_godin;kayla_trempe-kay;ZOO304;H2023
cassandra_godin;marie-christine_arseneau;ZOO304;H2023
cassandra_godin;roxanne_bernier;ZOO304;H2023
cassandra_godin;sabrina_leclercq;ZOO304;H2023
cassandra_godin;samuel_fortin;ZOO304;H2023
marie-christine_arseneau;axel_gravier;ZOO304;H2023
marie-christine_arseneau;benjamin_auclair;ZOO304;H2023
marie-christine_arseneau;camille_barjol;ZOO304;H2023
marie-christine_arseneau;cassandra_godin;ZOO304;H2023
marie-christine_arseneau;kayla_trempe-kay;ZOO304;H2023
marie-christine_arseneau;roxanne_bernier;ZOO304;H2023
marie-christine_arseneau;sabrina_leclercq;ZOO304;H2023
marie-christine_arseneau;samuel_fortin;ZOO304;H2023
roxanne_bernier;axel_gravier;ZOO304;H2023
roxanne_bernier;benjamin_auclair;ZOO304;H2023
roxanne_bernier;camille_barjol;ZOO304;H2023
roxanne_bernier;cassandra_godin;ZOO304;H2023
roxanne_bernier;marie-christine_arseneau;ZOO304;H2023
roxanne_bernier;kayla_trempe-kay;ZOO304;H2023
roxanne_bernier;sabrina_leclercq;ZOO304;H2023
roxanne_bernier;samuel_fortin;ZOO304;H2023
sabrina_leclercq;axel_gravier;ZOO304;H2023
sabrina_leclercq;benjamin_auclair;ZOO304;H2023
sabrina_leclercq;camille_barjol;ZOO304;H2023
sabrina_leclercq;cassandra_godin;ZOO304;H2023
sabrina_leclercq;marie-christine_arseneau;ZOO304;H2023
sabrina_leclercq;roxanne_bernier;ZOO304;H2023
sabrina_leclercq;kayla_trempe-kay;ZOO304;H2023
sabrina_leclercq;samuel_fortin;ZOO304;H2023
samuel_fortin;axel_gravier;ZOO304;H2023
samuel_fortin;benjamin_auclair;ZOO304;H2023
samuel_fortin;camille_barjol;ZOO304;H2023
samuel_fortin;cassandra_godin;ZOO304;H2023
samuel_fortin;marie-christine_arseneau;ZOO304;H2023
samuel_fortin;roxanne_bernier;ZOO304;H2023
samuel_fortin;sabrina_leclercq;ZOO304;H2023
samuel_fortin;kayla_trempe-kay;ZOO304;H2023
justine_labelle;mia_carriere;ZOO306;H2021
mia_carriere;justine_labelle;ZOO306;H2021
justine_labelle;mia_carriere;BCM113;H2021
mia_carriere;justine_labelle;BCM113;H2021
justine_labelle;mia_carriere;BIO109;H2021
justine_labelle;felix-olivier_dufour;BIO109;H2021
justine_labelle;juliette_meilleur;BIO109;H2021
mia_carriere;justine_labelle;BIO109;H2021
mia_carriere;felix-olivier_dufour;BIO109;H2021
mia_carriere;juliette_meilleur;BIO109;H2021
juliette_meilleur;justine_labelle;BIO109;H2021
juliette_meilleur;felix-olivier_dufour;BIO109;H2021
juliette_meilleur;mia_carriere;BIO109;H2021
felix-olivier_dufour;justine_labelle;BIO109;H2021
felix-olivier_dufour;juliette_meilleur;BIO109;H2021
felix-olivier_dufour;mia_carriere;BIO109;H2021
justine_labelle;juliette_meilleur;TSB303;H2021
justine_labelle;felix-olivier_dufour;TSB303;H2021
justine_labelle;mia_carriere;TSB303;H2021
justine_labelle;hugo_morin-brassard;TSB303;H2021
justine_labelle;samuel_fortin;TSB303;H2021
juliette_meilleur;justine_labelle;TSB303;H2021
juliette_meilleur;felix-olivier_dufour;TSB303;H2021
juliette_meilleur;mia_carriere;TSB303;H2021
juliette_meilleur;hugo_morin-brassard;TSB303;H2021
juliette_meilleur;samuel_fortin;TSB303;H2021
felix-olivier_dufour;juliette_meilleur;TSB303;H2021
felix-olivier_dufour;justine_labelle;TSB303;H2021
felix-olivier_dufour;mia_carriere;TSB303;H2021
felix-olivier_dufour;hugo_morin-brassard;TSB303;H2021
felix-olivier_dufour;samuel_fortin;TSB303;H2021
mia_carriere;justine_labelle;TSB303;H2021
mia_carriere;mia_carriere;TSB303;H2021
mia_carriere;felix-olivier_dufour;TSB303;H2021
mia_carriere;hugo_morin-brassard;TSB303;H2021
mia_carriere;samuel_fortin;TSB303;H2021
hugo_morin-brassard;juliette_meilleur;TSB303;H2021
hugo_morin-brassard;justine_labelle;TSB303;H2021
hugo_morin-brassard;felix-olivier_dufour;TSB303;H2021
hugo_morin-brassard;mia_carriere;TSB303;H2021
hugo_morin-brassard;samuel_fortin;TSB303;H2021
samuel_fortin;juliette_meilleur;TSB303;H2021
samuel_fortin;justine_labelle;TSB303;H2021
samuel_fortin;felix-olivier_dufour;TSB303;H2021
samuel_fortin;mia_carriere;TSB303;H2021
samuel_fortin;hugo_morin-brassard;TSB303;H2021
justine_labelle;rosalie_gagnon;MCB101;H2021
rosalie_gagnon;justine_labelle;MCB101;H2021
justine_labelle;juliette_meilleur;ZOO105;H2021
justine_labelle;felix-olivier_dufour;ZOO105;H2021
juliette_meilleur;justine_labelle;ZOO105;H2021
juliette_meilleur;felix-olivier_dufour;ZOO105;H2021
felix-olivier_dufour;justine_labelle;ZOO105;H2021
felix-olivier_dufour;juliette_meilleur;ZOO105;H2021
justine_labelle;juliette_meilleur;BIO300;A2021
juliette_meilleur;justine_labelle;BIO300;A2021
justine_labelle;mia_carriere;ECL516;A2021
justine_labelle;marie-claude_mayotte;ECL516;A2021
mia_carriere;justine_labelle;ECL516;A2021
mia_carriere;marie-claude_mayotte;ECL516;A2021
marie-claude_mayotte;justine_labelle;ECL516;A2021
marie-claude_mayotte;mia_carriere;ECL516;A2021
justine_labelle;marie-claude_mayotte;ECL527;A2021
justine_labelle;mia_carriere;ECL527;A2021
justine_labelle;juliette_meilleur;ECL527;A2021
marie-claude_mayotte;justine_labelle;ECL527;A2021
marie-claude_mayotte;mia_carriere;ECL527;A2021
marie-claude_mayotte;juliette_meilleur;ECL527;A2021
mia_carriere;marie-claude_mayotte;ECL527;A2021
mia_carriere;juliette_meilleur;ECL527;A2021
mia_carriere;justine_labelle;ECL527;A2021
juliette_meilleur;justine_labelle;ECL527;A2021
juliette_meilleur;marie-claude_mayotte;ECL527;A2021
juliette_meilleur;mia_carriere;ECL527;A2021
justine_labelle;mia_carriere;ECL403;E2022
mia_carriere;justine_labelle;ECL403;E2022
justine_labelle;marie-claude_mayotte;ECL404;E2022
marie-claude_mayotte;justine_labelle;ECL404;E2022
justine_labelle;marie-claude_mayotte;ECL406;E2022
marie-claude_mayotte;justine_labelle;ECL406;E2022
justine_labelle;beatrice_dupuis;ECL522;E2022
justine_labelle;penelope_robert;ECL522;E2022
beatrice_dupuis;justine_labelle;ECL522;E2022
beatrice_dupuis;penelope_robert;ECL522;E2022
penelope_robert;justine_labelle;ECL522;E2022
penelope_robert;beatrice_dupuis;ECL522;E2022
justine_labelle;laurie-anne_cournoyer;ECL544;A2022
laurie-anne_cournoyer;justine_labelle;ECL544;A2022
justine_labelle;mia_carriere;ECL611;A2022
justine_labelle;penelope_robert;ECL611;A2022
mia_carriere;justine_labelle;ECL611;A2022
mia_carriere;penelope_robert;ECL611;A2022
penelope_robert;justine_labelle;ECL611;A2022
penelope_robert;mia_carriere;ECL611;A2022
justine_labelle;felix-olivier_dufour;BOT400;H2023
felix-olivier_dufour;justine_labelle;BOT400;H2023
justine_labelle;mia_carriere;ECL603;H2023
justine_labelle;marie-claude_mayotte;ECL603;H2023
mia_carriere;justine_labelle;ECL603;H2023
mia_carriere;marie-claude_mayotte;ECL603;H2023
marie-claude_mayotte;justine_labelle;ECL603;H2023
marie-claude_mayotte;mia_carriere;ECL603;H2023
philippe_bourassa;samuel_fortin;BCM113;H2021
samuel_fortin;philippe_bourassa;BCM113;H2021
philippe_bourassa;ariane_barrette;TSB303;H2021
philippe_bourassa;laurie-anne_cournoyer;TSB303;H2021
philippe_bourassa;laurianne_plante;TSB303;H2021
philippe_bourassa;antoine_thunus;TSB303;H2021
philippe_bourassa;xavier_samson;TSB303;H2021
philippe_bourassa;roxanne_bernier;TSB303;H2021
philippe_bourassa;francis_bourassa;TSB303;H2021
ariane_barrette;antoine_thunus;TSB303;H2021
ariane_barrette;francis_bourassa;TSB303;H2021
ariane_barrette;laurianne_plante;TSB303;H2021
ariane_barrette;laurie-anne_cournoyer;TSB303;H2021
ariane_barrette;philippe_bourassa;TSB303;H2021
ariane_barrette;roxanne_bernier;TSB303;H2021
ariane_barrette;xavier_samson;TSB303;H2021
antoine_thunus;francis_bourassa;TSB303;H2021
antoine_thunus;laurianne_plante;TSB303;H2021
antoine_thunus;laurie-anne_cournoyer;TSB303;H2021
antoine_thunus;philippe_bourassa;TSB303;H2021
antoine_thunus;roxanne_bernier;TSB303;H2021
antoine_thunus;xavier_samson;TSB303;H2021
antoine_thunus;ariane_barrette;TSB303;H2021
francis_bourassa;laurianne_plante;TSB303;H2021
francis_bourassa;laurie-anne_cournoyer;TSB303;H2021
francis_bourassa;philippe_bourassa;TSB303;H2021
francis_bourassa;roxanne_bernier;TSB303;H2021
francis_bourassa;xavier_samson;TSB303;H2021
francis_bourassa;ariane_barrette;TSB303;H2021
francis_bourassa;antoine_thunus;TSB303;H2021
xavier_samson;laurianne_plante;TSB303;H2021
xavier_samson;laurie-anne_cournoyer;TSB303;H2021
xavier_samson;philippe_bourassa;TSB303;H2021
xavier_samson;roxanne_bernier;TSB303;H2021
xavier_samson;francis_bourassa;TSB303;H2021
xavier_samson;ariane_barrette;TSB303;H2021
xavier_samson;antoine_thunus;TSB303;H2021
roxanne_bernier;laurianne_plante;TSB303;H2021
roxanne_bernier;laurie-anne_cournoyer;TSB303;H2021
roxanne_bernier;philippe_bourassa;TSB303;H2021
roxanne_bernier;xavier_samson;TSB303;H2021
roxanne_bernier;francis_bourassa;TSB303;H2021
roxanne_bernier;ariane_barrette;TSB303;H2021
roxanne_bernier;antoine_thunus;TSB303;H2021
laurie-anne_cournoyer;laurianne_plante;TSB303;H2021
laurie-anne_cournoyer;xavier_samson;TSB303;H2021
laurie-anne_cournoyer;philippe_bourassa;TSB303;H2021
laurie-anne_cournoyer;roxanne_bernier;TSB303;H2021
laurie-anne_cournoyer;francis_bourassa;TSB303;H2021
laurie-anne_cournoyer;ariane_barrette;TSB303;H2021
laurie-anne_cournoyer;antoine_thunus;TSB303;H2021
laurianne_plante;xavier_samson;TSB303;H2021
laurianne_plante;laurie-anne_cournoyer;TSB303;H2021
laurianne_plante;philippe_bourassa;TSB303;H2021
laurianne_plante;roxanne_bernier;TSB303;H2021
laurianne_plante;francis_bourassa;TSB303;H2021
laurianne_plante;ariane_barrette;TSB303;H2021
laurianne_plante;antoine_thunus;TSB303;H2021
philippe_bourassa;marilou_cournoyer;MCB101;H2021
marilou_cournoyer;philippe_bourassa;MCB101;H2021
philippe_bourassa;ariane_barrette;ZOO105;H2021
philippe_bourassa;laurianne_plante;ZOO105;H2021
ariane_barrette;laurianne_plante;ZOO105;H2021
ariane_barrette;philippe_bourassa;ZOO105;H2021
laurianne_plante;ariane_barrette;ZOO105;H2021
laurianne_plante;philippe_bourassa;ZOO105;H2021
philippe_bourassa;ariane_barrette;ECL516;A2021
philippe_bourassa;laurianne_plante;ECL516;A2021
philippe_bourassa;laurie-anne_cournoyer;ECL516;A2021
ariane_barrette;laurianne_plante;ECL516;A2021
ariane_barrette;laurie-anne_cournoyer;ECL516;A2021
ariane_barrette;philippe_bourassa;ECL516;A2021
laurianne_plante;ariane_barrette;ECL516;A2021
laurianne_plante;laurie-anne_cournoyer;ECL516;A2021
laurianne_plante;philippe_bourassa;ECL516;A2021
laurie-anne_cournoyer;ariane_barrette;ECL516;A2021
laurie-anne_cournoyer;laurianne_plante;ECL516;A2021
laurie-anne_cournoyer;philippe_bourassa;ECL516;A2021
philippe_bourassa;ariane_barrette;ECL527;A2021
philippe_bourassa;laurianne_plante;ECL527;A2021
philippe_bourassa;laurie-anne_cournoyer;ECL527;A2021
philippe_bourassa;xavier_samson;ECL527;A2021
ariane_barrette;laurianne_plante;ECL527;A2021
ariane_barrette;laurie-anne_cournoyer;ECL527;A2021
ariane_barrette;xavier_samson;ECL527;A2021
ariane_barrette;philippe_bourassa;ECL527;A2021
laurianne_plante;ariane_barrette;ECL527;A2021
laurianne_plante;laurie-anne_cournoyer;ECL527;A2021
laurianne_plante;xavier_samson;ECL527;A2021
laurianne_plante;philippe_bourassa;ECL527;A2021
laurie-anne_cournoyer;ariane_barrette;ECL527;A2021
laurie-anne_cournoyer;laurianne_plante;ECL527;A2021
laurie-anne_cournoyer;xavier_samson;ECL527;A2021
laurie-anne_cournoyer;philippe_bourassa;ECL527;A2021
xavier_samson;ariane_barrette;ECL527;A2021
xavier_samson;laurianne_plante;ECL527;A2021
xavier_samson;laurie-anne_cournoyer;ECL527;A2021
xavier_samson;philippe_bourassa;ECL527;A2021
philippe_bourassa;marie-claude_mayotte;ECL403;E2022
marie-claude_mayotte;philippe_bourassa;ECL403;E2022
philippe_bourassa;laurianne_plante;ECL406;E2022
laurianne_plante;philippe_bourassa;ECL406;E2022
philippe_bourassa;laurie-anne_cournoyer;ECL535;E2022
laurie-anne_cournoyer;philippe_bourassa;ECL535;E2022
philippe_bourassa;marie-claude_mayotte;ENT101;E2022
philippe_bourassa;laurianne_plante;ENT101;E2022
philippe_bourassa;katherin_dubois;ENT101;E2022
marie-claude_mayotte;laurianne_plante;ENT101;E2022
marie-claude_mayotte;katherin_dubois;ENT101;E2022
marie-claude_mayotte;philippe_bourassa;ENT101;E2022
laurianne_plante;marie-claude_mayotte;ENT101;E2022
laurianne_plante;katherin_dubois;ENT101;E2022
laurianne_plante;philippe_bourassa;ENT101;E2022
katherin_dubois;marie-claude_mayotte;ENT101;E2022
katherin_dubois;laurianne_plante;ENT101;E2022
katherin_dubois;philippe_bourassa;ENT101;E2022
philippe_bourassa;philippe_barrette;BOT400;H2023
philippe_barrette;philippe_bourassa;BOT400;H2023
philippe_bourassa;ariane_barrette;ECL603;H2023
ariane_barrette;philippe_bourassa;ECL603;H2023
philippe_bourassa;ariane_barrette;ECL610;H2023
philippe_bourassa;marie-claude_mayotte;ECL610;H2023
philippe_bourassa;laurie-anne_cournoyer;ECL610;H2023
ariane_barrette;marie-claude_mayotte;ECL610;H2023
ariane_barrette;laurie-anne_cournoyer;ECL610;H2023
ariane_barrette;philippe_bourassa;ECL610;H2023
marie-claude_mayotte;ariane_barrette;ECL610;H2023
marie-claude_mayotte;laurie-anne_cournoyer;ECL610;H2023
marie-claude_mayotte;philippe_bourassa;ECL610;H2023
laurie-anne_cournoyer;ariane_barrette;ECL610;H2023
laurie-anne_cournoyer;marie-claude_mayotte;ECL610;H2023
laurie-anne_cournoyer;philippe_bourassa;ECL610;H2023
philippe_bourassa;felix-olivier_dufour;BIO401;H2023
felix-olivier_dufour;philippe_bourassa;BIO401;H2023
antoine_thunus;ariane_barrette;BCM104;H2021
antoine_thunus;katerie_bessette;BCM104;H2021
antoine_thunus;laurianne_plante;BCM104;H2021
antoine_thunus;laurie-anne_cournoyer;BCM104;H2021
antoine_thunus;philippe_bourassa;BCM104;H2021
antoine_thunus;roxanne_bernier;BCM104;H2021
antoine_thunus;samuel_fortin;BCM104;H2021
antoine_thunus;xavier_samson;BCM104;H2021
ariane_barrette;antoine_thunus;BCM104;H2021
ariane_barrette;katerie_bessette;BCM104;H2021
ariane_barrette;laurianne_plante;BCM104;H2021
ariane_barrette;laurie-anne_cournoyer;BCM104;H2021
ariane_barrette;philippe_bourassa;BCM104;H2021
ariane_barrette;roxanne_bernier;BCM104;H2021
ariane_barrette;samuel_fortin;BCM104;H2021
ariane_barrette;xavier_samson;BCM104;H2021
laurianne_plante;antoine_thunus;BCM104;H2021
laurianne_plante;katerie_bessette;BCM104;H2021
laurianne_plante;ariane_barrette;BCM104;H2021
laurianne_plante;laurie-anne_cournoyer;BCM104;H2021
laurianne_plante;philippe_bourassa;BCM104;H2021
laurianne_plante;roxanne_bernier;BCM104;H2021
laurianne_plante;samuel_fortin;BCM104;H2021
laurianne_plante;xavier_samson;BCM104;H2021
xavier_samson;antoine_thunus;BCM104;H2021
xavier_samson;katerie_bessette;BCM104;H2021
xavier_samson;laurianne_plante;BCM104;H2021
xavier_samson;laurie-anne_cournoyer;BCM104;H2021
xavier_samson;philippe_bourassa;BCM104;H2021
xavier_samson;roxanne_bernier;BCM104;H2021
xavier_samson;samuel_fortin;BCM104;H2021
xavier_samson;ariane_barrette;BCM104;H2021
roxanne_bernier;antoine_thunus;BCM104;H2021
roxanne_bernier;katerie_bessette;BCM104;H2021
roxanne_bernier;laurianne_plante;BCM104;H2021
roxanne_bernier;laurie-anne_cournoyer;BCM104;H2021
roxanne_bernier;philippe_bourassa;BCM104;H2021
roxanne_bernier;ariane_barrette;BCM104;H2021
roxanne_bernier;samuel_fortin;BCM104;H2021
roxanne_bernier;xavier_samson;BCM104;H2021
samuel_fortin;antoine_thunus;BCM104;H2021
samuel_fortin;katerie_bessette;BCM104;H2021
samuel_fortin;laurianne_plante;BCM104;H2021
samuel_fortin;laurie-anne_cournoyer;BCM104;H2021
samuel_fortin;philippe_bourassa;BCM104;H2021
samuel_fortin;roxanne_bernier;BCM104;H2021
samuel_fortin;ariane_barrette;BCM104;H2021
samuel_fortin;xavier_samson;BCM104;H2021
laurie-anne_cournoyer;antoine_thunus;BCM104;H2021
laurie-anne_cournoyer;katerie_bessette;BCM104;H2021
laurie-anne_cournoyer;laurianne_plante;BCM104;H2021
laurie-anne_cournoyer;ariane_barrette;BCM104;H2021
laurie-anne_cournoyer;philippe_bourassa;BCM104;H2021
laurie-anne_cournoyer;roxanne_bernier;BCM104;H2021
laurie-anne_cournoyer;samuel_fortin;BCM104;H2021
laurie-anne_cournoyer;xavier_samson;BCM104;H2021
philippe_bourassa;antoine_thunus;BCM104;H2021
philippe_bourassa;katerie_bessette;BCM104;H2021
philippe_bourassa;laurianne_plante;BCM104;H2021
philippe_bourassa;laurie-anne_cournoyer;BCM104;H2021
philippe_bourassa;ariane_barrette;BCM104;H2021
philippe_bourassa;roxanne_bernier;BCM104;H2021
philippe_bourassa;samuel_fortin;BCM104;H2021
philippe_bourassa;xavier_samson;BCM104;H2021
philippe_bourassa;antoine_thunus;BCM104;H2021
katerie_bessette;philippe_bourassa;BCM104;H2021
katerie_bessette;laurianne_plante;BCM104;H2021
katerie_bessette;laurie-anne_cournoyer;BCM104;H2021
katerie_bessette;ariane_barrette;BCM104;H2021
katerie_bessette;roxanne_bernier;BCM104;H2021
katerie_bessette;samuel_fortin;BCM104;H2021
katerie_bessette;xavier_samson;BCM104;H2021
katerie_bessette;laurie-anne_cournoyer;BIO300;A2021
katerie_bessette;antoine_thunus;BCM104;H2021
laurie-anne_cournoyer;philippe_bourassa;BIO300;A2021
philippe_bourassa;laurie-anne_cournoyer;ZOO307;H2021
laurie-anne_cournoyer;philippe_bourassa;ZOO307;H2021
;;;