etudiant1;etudiant2;sigle;session
antoine_thunus;ariane_barrette;BCM104;H2021
antoine_thunus;katerie_bessette;BCM104;H2021
antoine_thunus;laurianne_plante;BCM104;H2021
antoine_thunus;laurie-anne_cournoyer;BCM104;H2021
antoine_thunus;philippe_bourassa;BCM104;H2021
antoine_thunus;roxanne_bernier;BCM104;H2021
antoine_thunus;samuel_fortin;BCM104;H2021
antoine_thunus;xavier_samson;BCM104;H2021
ariane_barrette;antoine_thunus;BCM104;H2021
ariane_barrette;katerie_bessette;BCM104;H2021
ariane_barrette;laurianne_plante;BCM104;H2021
ariane_barrette;laurie-anne_cournoyer;BCM104;H2021
ariane_barrette;philippe_bourassa;BCM104;H2021
ariane_barrette;roxanne_bernier;BCM104;H2021
ariane_barrette;samuel_fortin;BCM104;H2021
ariane_barrette;xavier_samson;BCM104;H2021
charles_ferland;felix-olivier_dufour;BCM104;H2021
charles_ferland;hugo_morin-brassard;BCM104;H2021
charles_ferland;juliette_meilleur;BCM104;H2021
charles_ferland;justine_labelle;BCM104;H2021
charles_ferland;kayla_trempe-kay;BCM104;H2021
charles_ferland;marie-claude_mayotte;BCM104;H2021
charles_ferland;mia_carriere;BCM104;H2021
charles_ferland;penelope_robert;BCM104;H2021
charles_ferland;simon_bourgeois;BCM104;H2021
felix-olivier_dufour;charles_ferland;BCM104;H2021
felix-olivier_dufour;hugo_morin-brassard;BCM104;H2021
felix-olivier_dufour;juliette_meilleur;BCM104;H2021
felix-olivier_dufour;justine_labelle;BCM104;H2021
felix-olivier_dufour;kayla_trempe-kay;BCM104;H2021
felix-olivier_dufour;marie-claude_mayotte;BCM104;H2021
felix-olivier_dufour;mia_carriere;BCM104;H2021
felix-olivier_dufour;penelope_robert;BCM104;H2021
felix-olivier_dufour;simon_bourgeois;BCM104;H2021
hugo_morin-brassard;charles_ferland;BCM104;H2021
hugo_morin-brassard;felix-olivier_dufour;BCM104;H2021
hugo_morin-brassard;juliette_meilleur;BCM104;H2021
hugo_morin-brassard;justine_labelle;BCM104;H2021
hugo_morin-brassard;kayla_trempe-kay;BCM104;H2021
hugo_morin-brassard;marie-claude_mayotte;BCM104;H2021
hugo_morin-brassard;mia_carriere;BCM104;H2021
hugo_morin-brassard;penelope_robert;BCM104;H2021
hugo_morin-brassard;simon_bourgeois;BCM104;H2021
juliette_meilleur;charles_ferland;BCM104;H2021
juliette_meilleur;felix-olivier_dufour;BCM104;H2021
juliette_meilleur;hugo_morin-brassard;BCM104;H2021
juliette_meilleur;justine_labelle;BCM104;H2021
juliette_meilleur;kayla_trempe-kay;BCM104;H2021
juliette_meilleur;marie-claude_mayotte;BCM104;H2021
juliette_meilleur;mia_carriere;BCM104;H2021
juliette_meilleur;penelope_robert;BCM104;H2021
juliette_meilleur;simon_bourgeois;BCM104;H2021
justine_labelle;charles_ferland;BCM104;H2021
justine_labelle;felix-olivier_dufour;BCM104;H2021
justine_labelle;hugo_morin-brassard;BCM104;H2021
justine_labelle;juliette_meilleur;BCM104;H2021
justine_labelle;kayla_trempe-kay;BCM104;H2021
justine_labelle;marie-claude_mayotte;BCM104;H2021
justine_labelle;mia_carriere;BCM104;H2021
justine_labelle;penelope_robert;BCM104;H2021
justine_labelle;simon_bourgeois;BCM104;H2021
katerie_bessette;antoine_thunus;BCM104;H2021
katerie_bessette;ariane_barrette;BCM104;H2021
katerie_bessette;laurianne_plante;BCM104;H2021
katerie_bessette;laurie-anne_cournoyer;BCM104;H2021
katerie_bessette;philippe_bourassa;BCM104;H2021
katerie_bessette;roxanne_bernier;BCM104;H2021
katerie_bessette;samuel_fortin;BCM104;H2021
katerie_bessette;xavier_samson;BCM104;H2021
kayla_trempe-kay;charles_ferland;BCM104;H2021
kayla_trempe-kay;felix-olivier_dufour;BCM104;H2021
kayla_trempe-kay;hugo_morin-brassard;BCM104;H2021
kayla_trempe-kay;juliette_meilleur;BCM104;H2021
kayla_trempe-kay;justine_labelle;BCM104;H2021
kayla_trempe-kay;kayla_trempe-kay;BCM104;H2021
kayla_trempe-kay;marie-claude_mayotte;BCM104;H2021
kayla_trempe-kay;mia_carriere;BCM104;H2021
kayla_trempe-kay;penelope_robert;BCM104;H2021
kayla_trempe-kay;simon_bourgeois;BCM104;H2021
laurianne_plante;antoine_thunus;BCM104;H2021
laurianne_plante;ariane_barrette;BCM104;H2021
laurianne_plante;katerie_bessette;BCM104;H2021
laurianne_plante;laurianne_plante;BCM104;H2021
laurianne_plante;laurie-anne_cournoyer;BCM104;H2021
laurianne_plante;philippe_bourassa;BCM104;H2021
laurianne_plante;roxanne_bernier;BCM104;H2021
laurianne_plante;samuel_fortin;BCM104;H2021
laurianne_plante;xavier_samson;BCM104;H2021
laurie-anne_cournoyer;antoine_thunus;BCM104;H2021
laurie-anne_cournoyer;ariane_barrette;BCM104;H2021
laurie-anne_cournoyer;katerie_bessette;BCM104;H2021
laurie-anne_cournoyer;laurianne_plante;BCM104;H2021
laurie-anne_cournoyer;philippe_bourassa;BCM104;H2021
laurie-anne_cournoyer;roxanne_bernier;BCM104;H2021
laurie-anne_cournoyer;samuel_fortin;BCM104;H2021
laurie-anne_cournoyer;xavier_samson;BCM104;H2021
marie-claude_mayotte;charles_ferland;BCM104;H2021
marie-claude_mayotte;felix-olivier_dufour;BCM104;H2021
marie-claude_mayotte;hugo_morin-brassard;BCM104;H2021
marie-claude_mayotte;juliette_meilleur;BCM104;H2021
marie-claude_mayotte;justine_labelle;BCM104;H2021
marie-claude_mayotte;kayla_trempe-kay;BCM104;H2021
marie-claude_mayotte;mia_carriere;BCM104;H2021
marie-claude_mayotte;penelope_robert;BCM104;H2021
marie-claude_mayotte;simon_bourgeois;BCM104;H2021
mia_carriere;charles_ferland;BCM104;H2021
mia_carriere;felix-olivier_dufour;BCM104;H2021
mia_carriere;hugo_morin-brassard;BCM104;H2021
mia_carriere;juliette_meilleur;BCM104;H2021
mia_carriere;justine_labelle;BCM104;H2021
mia_carriere;kayla_trempe-kay;BCM104;H2021
mia_carriere;marie-claude_mayotte;BCM104;H2021
mia_carriere;penelope_robert;BCM104;H2021
mia_carriere;simon_bourgeois;BCM104;H2021
penelope_robert;charles_ferland;BCM104;H2021
penelope_robert;felix-olivier_dufour;BCM104;H2021
penelope_robert;hugo_morin-brassard;BCM104;H2021
penelope_robert;juliette_meilleur;BCM104;H2021
penelope_robert;justine_labelle;BCM104;H2021
penelope_robert;kayla_trempe-kay;BCM104;H2021
penelope_robert;marie-claude_mayotte;BCM104;H2021
penelope_robert;mia_carriere;BCM104;H2021
penelope_robert;simon_bourgeois;BCM104;H2021
philippe_bourassa;antoine_thunus;BCM104;H2021
philippe_bourassa;ariane_barrette;BCM104;H2021
philippe_bourassa;katerie_bessette;BCM104;H2021
philippe_bourassa;laurie-anne_cournoyer;BCM104;H2021
philippe_bourassa;roxanne_bernier;BCM104;H2021
philippe_bourassa;samuel_fortin;BCM104;H2021
philippe_bourassa;xavier_samson;BCM104;H2021
roxanne_bernier;antoine_thunus;BCM104;H2021
roxanne_bernier;ariane_barrette;BCM104;H2021
roxanne_bernier;katerie_bessette;BCM104;H2021
roxanne_bernier;laurianne_plante;BCM104;H2021
roxanne_bernier;laurie-anne_cournoyer;BCM104;H2021
roxanne_bernier;philippe_bourassa;BCM104;H2021
roxanne_bernier;samuel_fortin;BCM104;H2021
roxanne_bernier;xavier_samson;BCM104;H2021
samuel_fortin;antoine_thunus;BCM104;H2021
samuel_fortin;ariane_barrette;BCM104;H2021
samuel_fortin;katerie_bessette;BCM104;H2021
samuel_fortin;laurianne_plante;BCM104;H2021
samuel_fortin;laurie-anne_cournoyer;BCM104;H2021
samuel_fortin;philippe_bourassa;BCM104;H2021
samuel_fortin;roxanne_bernier;BCM104;H2021
samuel_fortin;xavier_samson;BCM104;H2021
simon_bourgeois;charles_ferland;BCM104;H2021
simon_bourgeois;felix-olivier_dufour;BCM104;H2021
simon_bourgeois;hugo_morin-brassard;BCM104;H2021
simon_bourgeois;juliette_meilleur;BCM104;H2021
simon_bourgeois;justine_labelle;BCM104;H2021
simon_bourgeois;kayla_trempe-kay;BCM104;H2021
simon_bourgeois;marie-claude_mayotte;BCM104;H2021
simon_bourgeois;mia_carriere;BCM104;H2021
simon_bourgeois;penelope_robert;BCM104;H2021
xavier_samson;antoine_thunus;BCM104;H2021
xavier_samson;ariane_barrette;BCM104;H2021
xavier_samson;katerie_bessette;BCM104;H2021
xavier_samson;laurianne_plante;BCM104;H2021
xavier_samson;laurie-anne_cournoyer;BCM104;H2021
xavier_samson;philippe_bourassa;BCM104;H2021
xavier_samson;roxanne_bernier;BCM104;H2021
xavier_samson;samuel_fortin;BCM104;H2021
ariane_barrette;xavier_samson;BCM113;H2021
justine_labelle;mia_carriere;BCM113;H2021
kayla_trempe-kay;marie-claude_mayotte;BCM113;H2021
laurie-anne_cournoyer;roxanne_bernier;BCM113;H2021
laurie-anne_cournoyer;roxanne_bernier;BCM113;H2021
marie-claude_mayotte;kayla_trempe-kay;BCM113;H2021
mia_carriere;justine_labelle;BCM113;H2021
roxanne_bernier;laurie-anne_cournoyer;BCM113;H2021
xavier_samson;ariane_barrette;BCM113;H2021
ariane_barrette;laurianne_plante;BIO109;H2021
ariane_barrette;laurie-anne_cournoyer;BIO109;H2021
denya_berard;kayla_trempe-kay;BIO109;H2021
denya_berard;marie-claude_mayotte;BIO109;H2021
denya_berard;penelope_robert;BIO109;H2021
felix-olivier_dufour;juliette_meilleur;BIO109;H2021
felix-olivier_dufour;justine_labelle;BIO109;H2021
felix-olivier_dufour;mia_carriere;BIO109;H2021
juliette_meilleur;felix-olivier_dufour;BIO109;H2021
juliette_meilleur;justine_labelle;BIO109;H2021
juliette_meilleur;mia_carriere;BIO109;H2021
justine_labelle;felix-olivier_dufour;BIO109;H2021
justine_labelle;juliette_meilleur;BIO109;H2021
justine_labelle;mia_carriere;BIO109;H2021
kayla_trempe-kay;denya_berard;BIO109;H2021
kayla_trempe-kay;marie-claude_mayotte;BIO109;H2021
kayla_trempe-kay;penelope_robert;BIO109;H2021
laurianne_plante;ariane_barrette;BIO109;H2021
laurianne_plante;laurie-anne_cournoyer;BIO109;H2021
laurianne_plante;roxanne_bernier;BIO109;H2021
laurie-anne_cournoyer;ariane_barrette;BIO109;H2021
laurie-anne_cournoyer;laurianne_plante;BIO109;H2021
laurie-anne_cournoyer;roxanne_bernier;BIO109;H2021
marie-claude_mayotte;denya_berard;BIO109;H2021
marie-claude_mayotte;kayla_trempe-kay;BIO109;H2021
marie-claude_mayotte;penelope_robert;BIO109;H2021
mia_carriere;felix-olivier_dufour;BIO109;H2021
mia_carriere;juliette_meilleur;BIO109;H2021
mia_carriere;justine_labelle;BIO109;H2021
penelope_robert;denya_berard;BIO109;H2021
penelope_robert;kayla_trempe-kay;BIO109;H2021
penelope_robert;marie-claude_mayotte;BIO109;H2021
roxanne_bernier;laurianne_plante;BIO109;H2021
roxanne_bernier;laurie-anne_cournoyer;BIO109;H2021
ariane_barrette;laurianne_plante;BIO300;A2021
felix-olivier_dufour;mia_carriere;BIO300;A2021
kayla_trempe-kay;marie-claude_mayotte;BIO300;A2021
laurianne_plante;ariane_barrette;BIO300;A2021
laurie-anne_cournoyer;philippe_bourassa;BIO300;A2021
marie-claude_mayotte;kayla_trempe-kay;BIO300;A2021
mia_carriere;felix-olivier_dufour;BIO300;A2021
philippe_bourassa;laurie-anne_cournoyer;BIO300;A2021
laurie-anne_cournoyer;mia_carriere;BIO301;H2023
mia_carriere;laurie-anne_cournoyer;BIO301;H2023
ariane_barrette;laurie-anne_cournoyer;BIO500;H2023
ariane_barrette;marie-claude_mayotte;BIO500;H2023
ariane_barrette;mia_carriere;BIO500;H2023
laurie-anne_cournoyer;ariane_barrette;BIO500;H2023
laurie-anne_cournoyer;marie-claude_mayotte;BIO500;H2023
laurie-anne_cournoyer;mia_carriere;BIO500;H2023
marie-claude_mayotte;ariane_barrette;BIO500;H2023
marie-claude_mayotte;laurie-anne_cournoyer;BIO500;H2023
marie-claude_mayotte;mia_carriere;BIO500;H2023
mia_carriere;ariane_barrette;BIO500;H2023
mia_carriere;laurie-anne_cournoyer;BIO500;H2023
mia_carriere;marie-claude_mayotte;BIO500;H2023
ariane_barrette;laurie-anne_cournoyer;BOT400;H2023
laurie-anne_cournoyer;ariane_barrette;BOT400;H2023
marie-claude_mayotte;mia_carriere;BOT400;E2022
mia_carriere;marie-claude_mayotte;BOT400;E2022
justine_labelle;laurie-anne_cournoyer;ECL315;A2022
justine_labelle;mia_carriere;ECL315;A2022
justine_labelle;penelope_robert;ECL315;A2022
laurie-anne_cournoyer;justine_labelle;ECL315;A2022
laurie-anne_cournoyer;mia_carriere;ECL315;A2022
laurie-anne_cournoyer;penelope_robert;ECL315;A2022
mia_carriere;justine_labelle;ECL315;A2022
mia_carriere;laurie-anne_cournoyer;ECL315;A2022
mia_carriere;penelope_robert;ECL315;A2022
penelope_robert;justine_labelle;ECL315;A2022
penelope_robert;laurie-anne_cournoyer;ECL315;A2022
penelope_robert;mia_carriere;ECL315;A2022
ariane_barrette;laurianne_plante;ECL403;E2022
ariane_barrette;laurie-anne_cournoyer;ECL403;E2022
justine_labelle;kayla_trempe-kay;ECL403;E2022
justine_labelle;mia_carriere;ECL403;E2022
kayla_trempe-kay;justine_labelle;ECL403;E2022
kayla_trempe-kay;mia_carriere;ECL403;E2022
laurianne_plante;ariane_barrette;ECL403;E2022
laurianne_plante;laurie-anne_cournoyer;ECL403;E2022
laurie-anne_cournoyer;ariane_barrette;ECL403;E2022
laurie-anne_cournoyer;laurianne_plante;ECL403;E2022
marie-claude_mayotte;philippe_bourassa;ECL403;E2022
mia_carriere;justine_labelle;ECL403;E2022
mia_carriere;kayla_trempe-kay;ECL403;E2022
philippe_bourassa;marie-claude_mayotte;ECL403;E2022
ariane_barrette;mia_carriere;ECL404;E2022
charles_ferland;felix-olivier_dufour;ECL404;E2022
charles_ferland;laurie-anne_cournoyer;ECL404;E2022
felix-olivier_dufour;charles_ferland;ECL404;E2022
felix-olivier_dufour;laurie-anne_cournoyer;ECL404;E2022
justine_labelle;marie-claude_mayotte;ECL404;E2022
laurie-anne_cournoyer;charles_ferland;ECL404;E2022
laurie-anne_cournoyer;felix-olivier_dufour;ECL404;E2022
marie-claude_mayotte;justine_labelle;ECL404;E2022
mia_carriere;ariane_barrette;ECL404;E2022
ariane_barrette;mia_carriere;ECL406;E2022
justine_labelle;marie-claude_mayotte;ECL406;E2022
marie-claude_mayotte;justine_labelle;ECL406;E2022
mia_carriere;ariane_barrette;ECL406;E2022
ariane_barrette;laurianne_plante;ECL515;E2022
beatrice_dupuis;mia_carriere;ECL515;E2022
hugo_morin-brassard;marie-claude_mayotte;ECL515;E2022
laurianne_plante;ariane_barrette;ECL515;E2022
laurie-anne_cournoyer;samuel_fortin;ECL515;E2022
marie-claude_mayotte;hugo_morin-brassard;ECL515;E2022
mia_carriere;beatrice_dupuis;ECL515;E2022
samuel_fortin;laurie-anne_cournoyer;ECL515;E2022
ariane_barrette;laurianne_plante;ECL516;A2021
ariane_barrette;laurie-anne_cournoyer;ECL516;A2021
ariane_barrette;philippe_bourassa;ECL516;A2021
justine_labelle;marie-claude_mayotte;ECL516;A2021
justine_labelle;mia_carriere;ECL516;A2021
laurianne_plante;ariane_barrette;ECL516;A2021
laurianne_plante;laurie-anne_cournoyer;ECL516;A2021
laurianne_plante;philippe_bourassa;ECL516;A2021
laurie-anne_cournoyer;ariane_barrette;ECL516;A2021
laurie-anne_cournoyer;laurianne_plante;ECL516;A2021
laurie-anne_cournoyer;philippe_bourassa;ECL516;A2021
marie-claude_mayotte;justine_labelle;ECL516;A2021
marie-claude_mayotte;mia_carriere;ECL516;A2021
mia_carriere;justine_labelle;ECL516;A2021
mia_carriere;marie-claude_mayotte;ECL516;A2021
philippe_bourassa;ariane_barrette;ECL516;A2021
philippe_bourassa;laurianne_plante;ECL516;A2021
philippe_bourassa;laurie-anne_cournoyer;ECL516;A2021
ariane_barrette;laurianne_plante;ECL527;A2021
ariane_barrette;laurie-anne_cournoyer;ECL527;A2021
ariane_barrette;philippe_bourassa;ECL527;A2021
ariane_barrette;xavier_samson;ECL527;A2021
juliette_meilleur;justine_labelle;ECL527;A2021
juliette_meilleur;kayla_trempe-kay;ECL527;A2021
juliette_meilleur;marie-claude_mayotte;ECL527;A2021
juliette_meilleur;mia_carriere;ECL527;A2021
justine_labelle;juliette_meilleur;ECL527;A2021
justine_labelle;kayla_trempe-kay;ECL527;A2021
justine_labelle;marie-claude_mayotte;ECL527;A2021
justine_labelle;mia_carriere;ECL527;A2021
kayla_trempe-kay;juliette_meilleur;ECL527;A2021
kayla_trempe-kay;justine_labelle;ECL527;A2021
kayla_trempe-kay;marie-claude_mayotte;ECL527;A2021
kayla_trempe-kay;mia_carriere;ECL527;A2021
laurianne_plante;ariane_barrette;ECL527;A2021
laurianne_plante;laurie-anne_cournoyer;ECL527;A2021
laurianne_plante;philippe_bourassa;ECL527;A2021
laurianne_plante;xavier_samson;ECL527;A2021
laurie-anne_cournoyer;ariane_barrette;ECL527;A2021
laurie-anne_cournoyer;laurianne_plante;ECL527;A2021
laurie-anne_cournoyer;philippe_bourassa;ECL527;A2021
laurie-anne_cournoyer;xavier_samson;ECL527;A2021
marie-claude_mayotte;juliette_meilleur;ECL527;A2021
marie-claude_mayotte;justine_labelle;ECL527;A2021
marie-claude_mayotte;kayla_trempe-kay;ECL527;A2021
marie-claude_mayotte;mia_carriere;ECL527;A2021
mia_carriere;juliette_meilleur;ECL527;A2021
mia_carriere;justine_labelle;ECL527;A2021
mia_carriere;kayla_trempe-kay;ECL527;A2021
mia_carriere;marie-claude_mayotte;ECL527;A2021
philippe_bourassa;ariane_barrette;ECL527;A2021
philippe_bourassa;laurianne_plante;ECL527;A2021
philippe_bourassa;laurie-anne_cournoyer;ECL527;A2021
philippe_bourassa;xavier_samson;ECL527;A2021
xavier_samson;ariane_barrette;ECL527;A2021
xavier_samson;laurianne_plante;ECL527;A2021
xavier_samson;laurie-anne_cournoyer;ECL527;A2021
xavier_samson;philippe_bourassa;ECL527;A2021
laurie-anne_cournoyer;laurianne_plante;ECL530;A2022
mia_carriere;nicolas_beaudoin;ECL530;A2021
nicolas_beaudoin;mia_carriere;ECL530;A2021
marie-claude_mayotte;mia_carriere;ECL535;E2022
mia_carriere;marie-claude_mayotte;ECL535;E2022
beatrice_dupuis;camille_gagnon;ECL544;A2021
beatrice_dupuis;mia_carriere;ECL544;A2021
camille_gagnon;beatrice_dupuis;ECL544;A2021
camille_gagnon;mia_carriere;ECL544;A2021
laurie-anne_cournoyer;justine_labelle;ECL544;A2022
mia_carriere;beatrice_dupuis;ECL544;A2021
mia_carriere;camille_gagnon;ECL544;A2021
ariane_barrette;philippe_bourassa;ECL603;H2023
justine_labelle;marie-claude_mayotte;ECL603;H2023
justine_labelle;mia_carriere;ECL603;H2023
marie-claude_mayotte;justine_labelle;ECL603;H2023
marie-claude_mayotte;mia_carriere;ECL603;H2023
mia_carriere;justine_labelle;ECL603;H2023
mia_carriere;marie-claude_mayotte;ECL603;H2023
philippe_bourassa;ariane_barrette;ECL603;H2023
ariane_barrette;laurie-anne_cournoyer;ECL610;H2023
ariane_barrette;marie-claude_mayotte;ECL610;H2023
ariane_barrette;philippe_bourassa;ECL610;H2023
beatrice_dupuis;justine_labelle;ECL610;H2023
beatrice_dupuis;kayla_trempe-kay;ECL610;H2023
beatrice_dupuis;mia_carriere;ECL610;H2023
justine_labelle;beatrice_dupuis;ECL610;H2023
justine_labelle;kayla_trempe-kay;ECL610;H2023
justine_labelle;mia_carriere;ECL610;H2023
kayla_trempe-kay;beatrice_dupuis;ECL610;H2023
kayla_trempe-kay;justine_labelle;ECL610;H2023
kayla_trempe-kay;mia_carriere;ECL610;H2023
laurie-anne_cournoyer;ariane_barrette;ECL610;H2023
laurie-anne_cournoyer;marie-claude_mayotte;ECL610;H2023
laurie-anne_cournoyer;philippe_bourassa;ECL610;H2023
marie-claude_mayotte;ariane_barrette;ECL610;H2023
marie-claude_mayotte;laurie-anne_cournoyer;ECL610;H2023
marie-claude_mayotte;philippe_bourassa;ECL610;H2023
mia_carriere;beatrice_dupuis;ECL610;H2023
mia_carriere;justine_labelle;ECL610;H2023
mia_carriere;kayla_trempe-kay;ECL610;H2023
philippe_bourassa;ariane_barrette;ECL610;H2023
philippe_bourassa;laurie-anne_cournoyer;ECL610;H2023
philippe_bourassa;marie-claude_mayotte;ECL610;H2023
guillaume_lacroix;laurianne_plante;ECL611;A2022
guillaume_lacroix;laurie-anne_cournoyer;ECL611;A2022
justine_labelle;mia_carriere;ECL611;A2022
justine_labelle;penelope_robert;ECL611;A2022
laurianne_plante;guillaume_lacroix;ECL611;A2022
laurianne_plante;laurie-anne_cournoyer;ECL611;A2022
laurie-anne_cournoyer;guillaume_lacroix;ECL611;A2022
laurie-anne_cournoyer;laurianne_plante;ECL611;A2022
mia_carriere;justine_labelle;ECL611;A2022
mia_carriere;penelope_robert;ECL611;A2022
penelope_robert;justine_labelle;ECL611;A2022
penelope_robert;mia_carriere;ECL611;A2022
mia_carriere;penelope_robert;ECN109;H2023
penelope_robert;mia_carriere;ECN109;H2023
ariane_barrette;magalie_bosse;MCB101;A2020
felix-olivier_dufour;mia_carriere;MCB101;H2021
kayla_trempe-kay;marie-claude_mayotte;MCB101;H2021
laurie-anne_cournoyer;roxanne_bernier;MCB101;A2020
magalie_bosse;ariane_barrette;MCB101;A2020
marie-claude_mayotte;kayla_trempe-kay;MCB101;H2021
mia_carriere;felix-olivier_dufour;MCB101;H2021
roxanne_bernier;laurie-anne_cournoyer;MCB101;A2020
antoine_thunus;ariane_barrette;TSB303;H2021
antoine_thunus;francis_bourassa;TSB303;H2021
antoine_thunus;laurianne_plante;TSB303;H2021
antoine_thunus;laurie-anne_cournoyer;TSB303;H2021
antoine_thunus;philippe_bourassa;TSB303;H2021
antoine_thunus;roxanne_bernier;TSB303;H2021
antoine_thunus;xavier_samson;TSB303;H2021
ariane_barrette;antoine_thunus;TSB303;H2021
ariane_barrette;francis_bourassa;TSB303;H2021
ariane_barrette;laurianne_plante;TSB303;H2021
ariane_barrette;laurie-anne_cournoyer;TSB303;H2021
ariane_barrette;philippe_bourassa;TSB303;H2021
ariane_barrette;roxanne_bernier;TSB303;H2021
ariane_barrette;xavier_samson;TSB303;H2021
charles_ferland;kayla_trempe-kay;TSB303;H2021
charles_ferland;marie-claude_mayotte;TSB303;H2021
charles_ferland;penelope_robert;TSB303;H2021
charles_ferland;samuel_lajeunesse;TSB303;H2021
charles_ferland;simon_bourgeois;TSB303;H2021
felix-olivier_dufour;hugo_morin-brassard;TSB303;H2021
felix-olivier_dufour;ihuoma_elsie-ebere;TSB303;H2021
felix-olivier_dufour;juliette_meilleur;TSB303;H2021
felix-olivier_dufour;justine_labelle;TSB303;H2021
felix-olivier_dufour;mia_carriere;TSB303;H2021
felix-olivier_dufour;samuel_fortin;TSB303;H2021
francis_bourassa;antoine_thunus;TSB303;H2021
francis_bourassa;ariane_barrette;TSB303;H2021
francis_bourassa;laurianne_plante;TSB303;H2021
francis_bourassa;laurie-anne_cournoyer;TSB303;H2021
francis_bourassa;philippe_bourassa;TSB303;H2021
francis_bourassa;roxanne_bernier;TSB303;H2021
francis_bourassa;xavier_samson;TSB303;H2021
hugo_morin-brassard;felix-olivier_dufour;TSB303;H2021
hugo_morin-brassard;ihuoma_elsie-ebere;TSB303;H2021
hugo_morin-brassard;juliette_meilleur;TSB303;H2021
hugo_morin-brassard;justine_labelle;TSB303;H2021
hugo_morin-brassard;mia_carriere;TSB303;H2021
hugo_morin-brassard;samuel_fortin;TSB303;H2021
ihuoma_elsie-ebere;felix-olivier_dufour;TSB303;H2021
ihuoma_elsie-ebere;hugo_morin-brassard;TSB303;H2021
ihuoma_elsie-ebere;juliette_meilleur;TSB303;H2021
ihuoma_elsie-ebere;justine_labelle;TSB303;H2021
ihuoma_elsie-ebere;mia_carriere;TSB303;H2021
ihuoma_elsie-ebere;samuel_fortin;TSB303;H2021
juliette_meilleur;felix-olivier_dufour;TSB303;H2021
juliette_meilleur;hugo_morin-brassard;TSB303;H2021
juliette_meilleur;ihuoma_elsie-ebere;TSB303;H2021
juliette_meilleur;justine_labelle;TSB303;H2021
juliette_meilleur;mia_carriere;TSB303;H2021
juliette_meilleur;samuel_fortin;TSB303;H2021
justine_labelle;felix-olivier_dufour;TSB303;H2021
justine_labelle;hugo_morin-brassard;TSB303;H2021
justine_labelle;ihuoma_elsie-ebere;TSB303;H2021
justine_labelle;juliette_meilleur;TSB303;H2021
justine_labelle;mia_carriere;TSB303;H2021
justine_labelle;samuel_fortin;TSB303;H2021
kayla_trempe-kay;charles_ferland;TSB303;H2021
kayla_trempe-kay;marie-claude_mayotte;TSB303;H2021
kayla_trempe-kay;penelope_robert;TSB303;H2021
kayla_trempe-kay;samuel_lajeunesse;TSB303;H2021
kayla_trempe-kay;simon_bourgeois;TSB303;H2021
laurianne_plante;antoine_thunus;TSB303;H2021
laurianne_plante;ariane_barrette;TSB303;H2021
laurianne_plante;francis_bourassa;TSB303;H2021
laurianne_plante;laurie-anne_cournoyer;TSB303;H2021
laurianne_plante;philippe_bourassa;TSB303;H2021
laurianne_plante;roxanne_bernier;TSB303;H2021
laurianne_plante;xavier_samson;TSB303;H2021
laurie-anne_cournoyer;antoine_thunus;TSB303;H2021
laurie-anne_cournoyer;ariane_barrette;TSB303;H2021
laurie-anne_cournoyer;francis_bourassa;TSB303;H2021
laurie-anne_cournoyer;laurianne_plante;TSB303;H2021
laurie-anne_cournoyer;philippe_bourassa;TSB303;H2021
laurie-anne_cournoyer;roxanne_bernier;TSB303;H2021
laurie-anne_cournoyer;xavier_samson;TSB303;H2021
marie-claude_mayotte;charles_ferland;TSB303;H2021
marie-claude_mayotte;kayla_trempe-kay;TSB303;H2021
marie-claude_mayotte;penelope_robert;TSB303;H2021
marie-claude_mayotte;samuel_lajeunesse;TSB303;H2021
marie-claude_mayotte;simon_bourgeois;TSB303;H2021
mia_carriere;felix-olivier_dufour;TSB303;H2021
mia_carriere;hugo_morin-brassard;TSB303;H2021
mia_carriere;ihuoma_elsie-ebere;TSB303;H2021
mia_carriere;juliette_meilleur;TSB303;H2021
mia_carriere;justine_labelle;TSB303;H2021
mia_carriere;samuel_fortin;TSB303;H2021
penelope_robert;charles_ferland;TSB303;H2021
penelope_robert;kayla_trempe-kay;TSB303;H2021
penelope_robert;marie-claude_mayotte;TSB303;H2021
penelope_robert;samuel_lajeunesse;TSB303;H2021
penelope_robert;simon_bourgeois;TSB303;H2021
philippe_bourassa;antoine_thunus;TSB303;H2021
philippe_bourassa;ariane_barrette;TSB303;H2021
philippe_bourassa;francis_bourassa;TSB303;H2021
philippe_bourassa;laurianne_plante;TSB303;H2021
philippe_bourassa;laurie-anne_cournoyer;TSB303;H2021
philippe_bourassa;roxanne_bernier;TSB303;H2021
philippe_bourassa;xavier_samson;TSB303;H2021
roxanne_bernier;antoine_thunus;TSB303;H2021
roxanne_bernier;ariane_barrette;TSB303;H2021
roxanne_bernier;francis_bourassa;TSB303;H2021
roxanne_bernier;laurianne_plante;TSB303;H2021
roxanne_bernier;philippe_bourassa;TSB303;H2021
roxanne_bernier;xavier_samson;TSB303;H2021
samuel_fortin;felix-olivier_dufour;TSB303;H2021
samuel_fortin;hugo_morin-brassard;TSB303;H2021
samuel_fortin;ihuoma_elsie-ebere;TSB303;H2021
samuel_fortin;juliette_meilleur;TSB303;H2021
samuel_fortin;justine_labelle;TSB303;H2021
samuel_fortin;mia_carriere;TSB303;H2021
samuel_lajeunesse;charles_ferland;TSB303;H2021
samuel_lajeunesse;kayla_trempe-kay;TSB303;H2021
samuel_lajeunesse;marie-claude_mayotte;TSB303;H2021
samuel_lajeunesse;penelope_robert;TSB303;H2021
samuel_lajeunesse;simon_bourgeois;TSB303;H2021
simon_bourgeois;charles_ferland;TSB303;H2021
simon_bourgeois;kayla_trempe-kay;TSB303;H2021
simon_bourgeois;marie-claude_mayotte;TSB303;H2021
simon_bourgeois;penelope_robert;TSB303;H2021
simon_bourgeois;samuel_lajeunesse;TSB303;H2021
xavier_samson;antoine_thunus;TSB303;H2021
xavier_samson;ariane_barrette;TSB303;H2021
xavier_samson;francis_bourassa;TSB303;H2021
xavier_samson;laurianne_plante;TSB303;H2021
xavier_samson;laurie-anne_cournoyer;TSB303;H2021
xavier_samson;philippe_bourassa;TSB303;H2021
xavier_samson;roxanne_bernier;TSB303;H2021
ariane_barrette;laurianne_plante;ZOO105;H2021
ariane_barrette;philippe_bourassa;ZOO105;H2021
denya_berard;kayla_trempe-kay;ZOO105;H2021
denya_berard;marie-claude_mayotte;ZOO105;H2021
kayla_trempe-kay;denya_berard;ZOO105;H2021
kayla_trempe-kay;marie-claude_mayotte;ZOO105;H2021
laurianne_plante;ariane_barrette;ZOO105;H2021
laurianne_plante;philippe_bourassa;ZOO105;H2021
laurie-anne_cournoyer;roxanne_bernier;ZOO105;H2021
laurie-anne_cournoyer;roxanne_bernier;ZOO105;H2021
laurie-anne_cournoyer;xavier_samson;ZOO105;H2021
laurie-anne_cournoyer;xavier_samson;ZOO105;H2021
marie-claude_mayotte;denya_berard;ZOO105;H2021
marie-claude_mayotte;kayla_trempe-kay;ZOO105;H2021
philippe_bourassa;ariane_barrette;ZOO105;H2021
philippe_bourassa;laurianne_plante;ZOO105;H2021
roxanne_bernier;laurie-anne_cournoyer;ZOO105;H2021
roxanne_bernier;xavier_samson;ZOO105;H2021
xavier_samson;laurie-anne_cournoyer;ZOO105;H2021
xavier_samson;roxanne_bernier;ZOO105;H2021
ariane_barrette;beatrice_dupuis;ZOO304;H2023
ariane_barrette;denya_berard;ZOO304;H2023
ariane_barrette;gabrielle_beauchesne;ZOO304;H2023
ariane_barrette;laura_beland;ZOO304;H2023
ariane_barrette;laurie-anne_cournoyer;ZOO304;H2023
ariane_barrette;lea_maryns;ZOO304;H2023
ariane_barrette;mael_gerin;ZOO304;H2023
ariane_barrette;olivier_whitter;ZOO304;H2023
ariane_barrette;samuel_beaulac;ZOO304;H2023
beatrice_dupuis;ariane_barrette;ZOO304;H2023
beatrice_dupuis;denya_berard;ZOO304;H2023
beatrice_dupuis;gabrielle_beauchesne;ZOO304;H2023
beatrice_dupuis;laura_beland;ZOO304;H2023
beatrice_dupuis;laurie-anne_cournoyer;ZOO304;H2023
beatrice_dupuis;lea_maryns;ZOO304;H2023
beatrice_dupuis;mael_gerin;ZOO304;H2023
beatrice_dupuis;olivier_whitter;ZOO304;H2023
beatrice_dupuis;samuel_beaulac;ZOO304;H2023
denya_berard;ariane_barrette;ZOO304;H2023
denya_berard;beatrice_dupuis;ZOO304;H2023
denya_berard;gabrielle_beauchesne;ZOO304;H2023
denya_berard;laura_beland;ZOO304;H2023
denya_berard;laurie-anne_cournoyer;ZOO304;H2023
denya_berard;lea_maryns;ZOO304;H2023
denya_berard;mael_gerin;ZOO304;H2023
denya_berard;olivier_whitter;ZOO304;H2023
denya_berard;samuel_beaulac;ZOO304;H2023
gabrielle_beauchesne;ariane_barrette;ZOO304;H2023
gabrielle_beauchesne;beatrice_dupuis;ZOO304;H2023
gabrielle_beauchesne;denya_berard;ZOO304;H2023
gabrielle_beauchesne;laura_beland;ZOO304;H2023
gabrielle_beauchesne;laurie-anne_cournoyer;ZOO304;H2023
gabrielle_beauchesne;lea_maryns;ZOO304;H2023
gabrielle_beauchesne;mael_gerin;ZOO304;H2023
gabrielle_beauchesne;olivier_whitter;ZOO304;H2023
gabrielle_beauchesne;samuel_beaulac;ZOO304;H2023
laura_beland;ariane_barrette;ZOO304;H2023
laura_beland;beatrice_dupuis;ZOO304;H2023
laura_beland;denya_berard;ZOO304;H2023
laura_beland;gabrielle_beauchesne;ZOO304;H2023
laura_beland;laurie-anne_cournoyer;ZOO304;H2023
laura_beland;lea_maryns;ZOO304;H2023
laura_beland;mael_gerin;ZOO304;H2023
laura_beland;olivier_whitter;ZOO304;H2023
laura_beland;samuel_beaulac;ZOO304;H2023
laurie-anne_cournoyer;ariane_barrette;ZOO304;H2023
laurie-anne_cournoyer;beatrice_dupuis;ZOO304;H2023
laurie-anne_cournoyer;denya_berard;ZOO304;H2023
laurie-anne_cournoyer;gabrielle_beauchesne;ZOO304;H2023
laurie-anne_cournoyer;laura_beland;ZOO304;H2023
laurie-anne_cournoyer;lea_maryns;ZOO304;H2023
laurie-anne_cournoyer;mael_gerin;ZOO304;H2023
laurie-anne_cournoyer;olivier_whitter;ZOO304;H2023
laurie-anne_cournoyer;samuel_beaulac;ZOO304;H2023
lea_maryns;ariane_barrette;ZOO304;H2023
lea_maryns;beatrice_dupuis;ZOO304;H2023
lea_maryns;denya_berard;ZOO304;H2023
lea_maryns;gabrielle_beauchesne;ZOO304;H2023
lea_maryns;laura_beland;ZOO304;H2023
lea_maryns;laurie-anne_cournoyer;ZOO304;H2023
lea_maryns;mael_gerin;ZOO304;H2023
lea_maryns;olivier_whitter;ZOO304;H2023
lea_maryns;samuel_beaulac;ZOO304;H2023
mael_gerin;ariane_barrette;ZOO304;H2023
mael_gerin;beatrice_dupuis;ZOO304;H2023
mael_gerin;denya_berard;ZOO304;H2023
mael_gerin;gabrielle_beauchesne;ZOO304;H2023
mael_gerin;laura_beland;ZOO304;H2023
mael_gerin;laurie-anne_cournoyer;ZOO304;H2023
mael_gerin;lea_maryns;ZOO304;H2023
mael_gerin;olivier_whitter;ZOO304;H2023
mael_gerin;samuel_beaulac;ZOO304;H2023
olivier_whitter;ariane_barrette;ZOO304;H2023
olivier_whitter;beatrice_dupuis;ZOO304;H2023
olivier_whitter;denya_berard;ZOO304;H2023
olivier_whitter;gabrielle_beauchesne;ZOO304;H2023
olivier_whitter;laura_beland;ZOO304;H2023
olivier_whitter;laurie-anne_cournoyer;ZOO304;H2023
olivier_whitter;lea_maryns;ZOO304;H2023
olivier_whitter;mael_gerin;ZOO304;H2023
olivier_whitter;samuel_beaulac;ZOO304;H2023
samuel_beaulac;ariane_barrette;ZOO304;H2023
samuel_beaulac;beatrice_dupuis;ZOO304;H2023
samuel_beaulac;denya_berard;ZOO304;H2023
samuel_beaulac;gabrielle_beauchesne;ZOO304;H2023
samuel_beaulac;laura_beland;ZOO304;H2023
samuel_beaulac;laurie-anne_cournoyer;ZOO304;H2023
samuel_beaulac;lea_maryns;ZOO304;H2023
samuel_beaulac;mael_gerin;ZOO304;H2023
samuel_beaulac;olivier_whitter;ZOO304;H2023
kayla_trempe-kay;marie-claude_mayotte;ZOO306;H2021
laurie-anne_cournoyer;xavier_samson;ZOO306;H2021
marie-claude_mayotte;kayla_trempe-kay;ZOO306;H2021
ariane_barrette;laurianne_plante;ZOO307;H2021
felix-olivier_dufour;mia_carriere;ZOO307;H2021
laurianne_plante;ariane_barrette;ZOO307;H2021
laurie-anne_cournoyer;philippe_bourassa;ZOO307;H2021
mia_carriere;felix-olivier_dufour;ZOO307;H2021
philippe_bourassa;laurie-anne_cournoyer;ZOO307;H2021
