prenom_nom;prenom;nom;region_administrative;regime_coop;formation_prealable;annee_debut;programme
antoine_thunus;antoine;thunus;NA;NA;NA;NA;NA
ariane_barrette;ariane;barrette;abitibi-temiscamingue;VRAI;universitaire;A2020;269000
beatrice_dupuis;beatrice;dupuis;NA;NA;NA;NA;NA
camille_gagnon;camille;gagnon;NA;NA;NA;NA;NA
charles_ferland;charles;ferland;NA;NA;NA;NA;NA
denya_berard;denya;berard;NA;NA;NA;NA;NA
felix-olivier_dufour;felix-olivier;dufour;NA;NA;NA;NA;NA
francis_bourassa;francis;bourassa;NA;NA;NA;NA;NA
gabrielle_beauchesne;gabrielle;beauchesne;NA;NA;NA;NA;NA
guillaume_lacroix;guillaume;lacroix;NA;NA;NA;NA;NA
hugo_morin-brassard;hugo;morin-brassard;NA;NA;NA;NA;NA
ihuoma_elsie-ebere;ihuoma;elsie-ebere;NA;NA;NA;NA;NA
juliette_meilleur;juliette;meilleur;NA;NA;NA;NA;NA
justine_labelle;justine;labelle;NA;NA;NA;NA;NA
katerie_bessette;katerie;bessette;NA;NA;NA;NA;NA
kayla_trempe-kay;kayla;trempe-kay;NA;NA;NA;NA;NA
laura_beland;laura;beland;NA;NA;NA;NA;NA
laurianne_plante;laurianne;plante;NA;NA;NA;NA;NA
laurie-anne_cournoyer;laurie-anne;cournoyer;monteregie;FAUX;universitaire;A2020;269000
lea_maryns;lea;maryns;NA;NA;NA;NA;NA
mael_gerin;mael;gerin;NA;NA;NA;NA;NA
magalie_bosse;magalie;bosse;NA;NA;NA;NA;NA
marie-claude_mayotte;marie-claude;mayotte;monteregie;VRAI;preuniversitaire;A2020;269000
mia_carriere;mia;carriere;centre-du-quebec;FAUX;universitaire;A2020;269000
nicolas_beaudoin;nicolas;beaudoin;NA;NA;NA;NA;NA
olivier_whitter;olivier;whitter;NA;NA;NA;NA;NA
penelope_robert;penelope;robert;NA;NA;NA;NA;NA
philippe_bourassa;philippe;bourassa;NA;NA;NA;NA;NA
roxanne_bernier;roxanne;bernier;NA;NA;NA;NA;NA
samuel_beaulac;samuel;beaulac;NA;NA;NA;NA;NA
samuel_fortin;samuel;fortin;NA;NA;NA;NA;NA
samuel_lajeunesse;samuel;lajeunesse;NA;NA;NA;NA;NA
simon_bourgeois;simon;bourgeois;NA;NA;NA;NA;NA
xavier_samson;xavier;samson;NA;NA;NA;NA;NA
