"sigle","optionnel","credits"
"BIO109",FALSE,1
"BIO300",FALSE,3
"BIO400",FALSE,2
"BIO500",FALSE,2
"BOT400",FALSE,1
"BOT512",FALSE,3
"ECL307",FALSE,1
"ECL403",FALSE,1
"ECL404",FALSE,3
"ECL406",FALSE,1
"ECL515",FALSE,2
"ECL516",FALSE,3
"ECL527",FALSE,2
"ECL535",TRUE,1
"ECL544",TRUE,3
"ECL603",TRUE,1
"ECL610",TRUE,2
"ECL610",FALSE,2
"ECL611",FALSE,1
"ECL615",FALSE,1
"ENT102",TRUE,2
"GAE550",TRUE,3
"INS154",TRUE,3
"MCB101",FALSE,1
"TSB303",FALSE,2
"ZOO105",FALSE,1
"ZOO304",FALSE,3
"ZOO307",FALSE,1
