"etudiant1","etudiant2","sigle","session"
"sabrina_leclercq","amelie_harbeck_bastien","GAE500","H2023"
"sabrina_leclercq","amelie_pelletier","ECL307","A2021"
"sabrina_leclercq","axel_gravier","ZOO304","H2023"
"sabrina_leclercq","benjamin_auclair","ZOO304","H2023"
"sabrina_leclercq","camille_barjol","ZOO304","H2023"
"sabrina_leclercq","camille_gagnon","ECL527","A2021"
"sabrina_leclercq","cassandra_godin","BIO500","H2023"
"sabrina_leclercq","cassandra_godin","ZOO304","H2023"
"sabrina_leclercq","cassandra_godin","ECL610","H2023"
"sabrina_leclercq","cassandra_godin","BOT512","E2022"
"sabrina_leclercq","cassandra_godin","ECL307","A2021"
"sabrina_leclercq","emilie_simard","ZOO304","H2023"
"sabrina_leclercq","francis_bolly","BIO109","H2021"
"rosalie_gagnon","francis_bolly","BIO109","H2021"
"yanick_sageau","francis_bolly","BIO109","H2021"
"rosalie_gagnon","yanick_sageau","BIO109","H2021"
"yanick_sageau","rosalie_gagnon","BIO109","H2021"
"francis_bolly","rosalie_gagnon","BIO109","H2021"
"francis_bolly","yanick_sageau","BIO109","H2021"
"sabrina_leclercq","frederic_laberge","ECL535","E2022"
"sabrina_leclercq","frederic_laberge","ECL544","A2021"
"sabrina_leclercq","frederic_laberge","ECL527","A2021"
"sabrina_leclercq","frederic_laberge","ECL307","A2021"
"sabrina_leclercq","gabrielle_beauchesne","TSB303","H2021"
"sabrina_leclercq","kayla_trempe-kay","ZOO304","H2023"
"sabrina_leclercq","laura_beland","ECL610","H2023"
"sabrina_leclercq","laureanne_monast","ENT102","H2023"
"sabrina_leclercq","laureanne_monast","ECL610","H2023"
"sabrina_leclercq","marie_burghin","TSB303","H2021"
"sabrina_leclercq","marie-christine_arseneau","ZOO304","H2023"
"sabrina_leclercq","marie-christine_arseneau","TSB303","H2021"
"sabrina_leclercq","marie-eve_gagne","GAE550","H2023"
"sabrina_leclercq","noemie_perrier-malette","ZOO106","H2021"
"noemie_perrier-malette","yanick_sageau","ZOO106","H2021"
"sabrina_leclercq","rosalie_gagnon","BIO109","H2021"
"sabrina_leclercq","roxanne_bernier","ZOO304","H2023"
"sabrina_leclercq","samuel_beaulac","BIO500","H2023"
"sabrina_leclercq","samuel_beaulac","ECL403","E2022"
"sabrina_leclercq","samuel_beaulac","ECL535","E2022"
"sabrina_leclercq","samuel_fortin","ZOO304","H2023"
"sabrina_leclercq","samuel_fortin","ECL544","A2021"
"sabrina_leclercq","simon_guillemette","TSB303","H2021"
"sabrina_leclercq","solene_boudin","ECL516","A2021"
"solene_boudin","yanick_sageau","ECL516","A2021"
"yanick_sageau","solene_boudin","ECL516","A2021"
"sabrina_leclercq","yanick_sageau","BIO500","H2023"
"sabrina_leclercq","yanick_sageau","BIO400","H2023"
"sabrina_leclercq","yanick_sageau","ECL403","E2022"
"sabrina_leclercq","yanick_sageau","BOT512","E2022"
"sabrina_leclercq","yanick_sageau","ECL404","E2022"
"sabrina_leclercq","yanick_sageau","ECL406","E2022"
"sabrina_leclercq","yanick_sageau","ECL515","E2022"
"sabrina_leclercq","yanick_sageau","BIO300","E2022"
"sabrina_leclercq","yanick_sageau","ECL516","A2021"
"sabrina_leclercq","yanick_sageau","ECL307","A2021"
"sabrina_leclercq","yanick_sageau","ECL527","A2021"
"sabrina_leclercq","yanick_sageau","BCM113","H2021"
"sabrina_leclercq","yanick_sageau","BIO109","H2021"
"sabrina_leclercq","yanick_sageau","TSB303","H2021"
"sabrina_leclercq","yanick_sageau","ZOO106","H2021"
"sabrina_leclercq","yanick_sageau","ZOO307","H2021"
"sabrina_leclercq","yuriko_archambault","GAE550","H2023"
"amelie_harbeck_bastien","sabrina_leclercq","GAE500","H2023"
"amelie_pelletier","sabrina_leclercq","ECL307","A2021"
"axel_gravier","sabrina_leclercq","ZOO304","H2023"
"benjamin_auclair","sabrina_leclercq","ZOO304","H2023"
"camille_barjol","sabrina_leclercq","ZOO304","H2023"
"camille_gagnon","sabrina_leclercq","ECL527","A2021"
"cassandra_godin","sabrina_leclercq","BIO500","H2023"
"cassandra_godin","sabrina_leclercq","ZOO304","H2023"
"cassandra_godin","sabrina_leclercq","ECL610","H2023"
"cassandra_godin","sabrina_leclercq","BOT512","E2022"
"cassandra_godin","sabrina_leclercq","ECL307","A2021"
"emilie_simard","sabrina_leclercq","ZOO304","H2023"
"francis_bolly","sabrina_leclercq","BIO109","H2021"
"frederic_laberge","sabrina_leclercq","ECL535","E2022"
"frederic_laberge","sabrina_leclercq","ECL544","A2021"
"frederic_laberge","sabrina_leclercq","ECL527","A2021"
"frederic_laberge","sabrina_leclercq","ECL307","A2021"
"gabrielle_beauchesne","sabrina_leclercq","TSB303","H2021"
"kayla_trempe-kay","sabrina_leclercq","ZOO304","H2023"
"laura_beland","sabrina_leclercq","ECL610","H2023"
"laureanne_monast","sabrina_leclercq","ENT102","H2023"
"laureanne_monast","sabrina_leclercq","ECL610","H2023"
"marie_burghin","sabrina_leclercq","TSB303","H2021"
"marie-christine_arseneau","sabrina_leclercq","ZOO304","H2023"
"marie-christine_arseneau","sabrina_leclercq","TSB303","H2021"
"marie-eve_gagne","sabrina_leclercq","GAE550","H2023"
"noemie_perrier-malette","sabrina_leclercq","ZOO106","H2021"
"rosalie_gagnon","sabrina_leclercq","BIO109","H2021"
"roxanne_bernier","sabrina_leclercq","ZOO304","H2023"
"samuel_beaulac","sabrina_leclercq","BIO500","H2023"
"samuel_beaulac","sabrina_leclercq","ECL403","E2022"
"samuel_beaulac","sabrina_leclercq","ECL535","E2022"
"samuel_fortin","sabrina_leclercq","ZOO304","H2023"
"samuel_fortin","sabrina_leclercq","ECL544","A2021"
"simon_guillemette","sabrina_leclercq","TSB303","H2021"
"solene_boudin","sabrina_leclercq","ECL516","A2021"
"yanick_sageau","sabrina_leclercq","BIO500","H2023"
"yanick_sageau","sabrina_leclercq","BIO400","H2023"
"yanick_sageau","sabrina_leclercq","ECL403","E2022"
"yanick_sageau","sabrina_leclercq","BOT512","E2022"
"yanick_sageau","sabrina_leclercq","ECL404","E2022"
"yanick_sageau","sabrina_leclercq","ECL406","E2022"
"yanick_sageau","sabrina_leclercq","ECL515","E2022"
"yanick_sageau","sabrina_leclercq","BIO300","E2022"
"yanick_sageau","sabrina_leclercq","ECL516","A2021"
"yanick_sageau","sabrina_leclercq","ECL307","A2021"
"yanick_sageau","sabrina_leclercq","ECL527","A2021"
"yanick_sageau","sabrina_leclercq","BCM113","H2021"
"yanick_sageau","sabrina_leclercq","BIO109","H2021"
"yanick_sageau","sabrina_leclercq","TSB303","H2021"
"yanick_sageau","sabrina_leclercq","ZOO106","H2021"
"yanick_sageau","sabrina_leclercq","ZOO307","H2021"
"yuriko_archambault","sabrina_leclercq","GAE550","H2023"
"yanick_sageau","gabrielle_beauchesne","TSB303","H2021"
"marie_burghin","gabrielle_beauchesne","TSB303","H2021"
"marie-christine_arseneau","gabrielle_beauchesne","TSB303","H2021"
"simon_guillemette","gabrielle_beauchesne","TSB303","H2021"
"yanick_sageau","marie_burghin","TSB303","H2021"
"marie-christine_arseneau","marie_burghin","TSB303","H2021"
"simon_guillemette","marie_burghin","TSB303","H2021"
"yanick_sageau","marie-christine_arseneau","TSB303","H2021"
"simon_guillemette","marie-christine_arseneau","TSB303","H2021"
"yanick_sageau","simon_guillemette","TSB303","H2021"
"samuel_beaulac","yanick_sageau","BIO500","H2023"
"yanick_sageau","samuel_beaulac","BIO500","H2023"
"cassandra_godin","samuel_beaulac","BIO500","H2023"
"samuel_beaulac","cassandra_godin","BIO500","H2023"
"yanick_sageau","samuel_beaulac","ECL403","E2022"
"samuel_beaulac","yanick_sageau","ECL403","E2022"
"frederic_laberge","samuel_beaulac","ECL535","E2022"
"samuel_beaulac","frederic_laberge","ECL535","E2022"
"frederic_laberge","samuel_fortin","ECL544","A2021"
"samuel_fortin","frederic_laberge","ECL544","A2021"
"laura_beland","laureanne_monast","ECL610","H2023"
"laureanne_monast","laura_beland","ECL610","H2023"
"laura_beland","cassandra_godin","ECL610","H2023"
"cassandra_godin","laura_beland","ECL610","H2023"
"cassandra_godin","laureanne_monast","ECL610","H2023"
"laureanne_monast","cassandra_godin","ECL610","H2023"
"marie-eve_gagne","yuriko_archambault","GAE550","H2023"
"yuriko_archambault","marie-eve_gagne","GAE550","H2023"
"amelie_harbeck_bastien","yuriko_archambault","GAE550","H2023"
"yuriko_archambault","amelie_harbeck_bastien","GAE550","H2023"
"amelie_harbeck_bastien","marie-eve_gagne","GAE550","H2023"
"marie-eve_gagne","amelie_harbeck_bastien","GAE550","H2023"
"benjamin_auclair","axel_gravier","ZOO304","H2023"
"benjamin_auclair","camille_barjol","ZOO304","H2023"
"benjamin_auclair","emilie_simard","ZOO304","H2023"
"benjamin_auclair","kayla_trempe-kay","ZOO304","H2023"
"benjamin_auclair","marie-christine_arseneau","ZOO304","H2023"
"benjamin_auclair","roxanne_bernier","ZOO304","H2023"
"benjamin_auclair","samuel_fortin","ZOO304","H2023"
"benjamin_auclair","cassandra_godin","ZOO304","H2023"
"benjamin_auclair","benjamin_auclair","ZOO304","H2023"
"axel_gravier","benjamin_auclair","ZOO304","H2023"
"camille_barjol","benjamin_auclair","ZOO304","H2023"
"emilie_simard","benjamin_auclair","ZOO304","H2023"
"kayla_trempe-kay","benjamin_auclair","ZOO304","H2023"
"marie-christine_arseneau","benjamin_auclair","ZOO304","H2023"
"roxanne_bernier","benjamin_auclair","ZOO304","H2023"
"samuel_fortin","benjamin_auclair","ZOO304","H2023"
"cassandra_godin","benjamin_auclair","ZOO304","H2023"
"axel_gravier","camille_barjol","ZOO304","H2023"
"axel_gravier","emilie_simard","ZOO304","H2023"
"axel_gravier","kayla_trempe-kay","ZOO304","H2023"
"axel_gravier","marie-christine_arseneau","ZOO304","H2023"
"axel_gravier","roxanne_bernier","ZOO304","H2023"
"axel_gravier","samuel_fortin","ZOO304","H2023"
"axel_gravier","cassandra_godin","ZOO304","H2023"
"camille_barjol","axel_gravier","ZOO304","H2023"
"emilie_simard","axel_gravier","ZOO304","H2023"
"kayla_trempe-kay","axel_gravier","ZOO304","H2023"
"marie-christine_arseneau","axel_gravier","ZOO304","H2023"
"roxanne_bernier","axel_gravier","ZOO304","H2023"
"samuel_fortin","axel_gravier","ZOO304","H2023"
"cassandra_godin","axel_gravier","ZOO304","H2023"
"camille_barjol","emilie_simard","ZOO304","H2023"
"camille_barjol","kayla_trempe-kay","ZOO304","H2023"
"camille_barjol","marie-christine_arseneau","ZOO304","H2023"
"camille_barjol","roxanne_bernier","ZOO304","H2023"
"camille_barjol","samuel_fortin","ZOO304","H2023"
"camille_barjol","cassandra_godin","ZOO304","H2023"
"emilie_simard","camille_barjol","ZOO304","H2023"
"kayla_trempe-kay","camille_barjol","ZOO304","H2023"
"marie-christine_arseneau","camille_barjol","ZOO304","H2023"
"roxanne_bernier","camille_barjol","ZOO304","H2023"
"samuel_fortin","camille_barjol","ZOO304","H2023"
"cassandra_godin","camille_barjol","ZOO304","H2023"
"kayla_trempe-kay","marie-christine_arseneau","ZOO304","H2023"
"kayla_trempe-kay","roxanne_bernier","ZOO304","H2023"
"kayla_trempe-kay","samuel_fortin","ZOO304","H2023"
"kayla_trempe-kay","cassandra_godin","ZOO304","H2023"
"marie-christine_arseneau","kayla_trempe-kay","ZOO304","H2023"
"roxanne_bernier","kayla_trempe-kay","ZOO304","H2023"
"samuel_fortin","kayla_trempe-kay","ZOO304","H2023"
"cassandra_godin","kayla_trempe-kay","ZOO304","H2023"
"marie-christine_arseneau","roxanne_bernier","ZOO304","H2023"
"marie-christine_arseneau","samuel_fortin","ZOO304","H2023"
"marie-christine_arseneau","cassandra_godin","ZOO304","H2023"
"roxanne_bernier","marie-christine_arseneau","ZOO304","H2023"
"samuel_fortin","marie-christine_arseneau","ZOO304","H2023"
"cassandra_godin","marie-christine_arseneau","ZOO304","H2023"
"roxanne_bernier","samuel_fortin","ZOO304","H2023"
"roxanne_bernier","cassandra_godin","ZOO304","H2023"
"samuel_fortin","roxanne_bernier","ZOO304","H2023"
"cassandra_godin","roxanne_bernier","ZOO304","H2023"
"samuel_fortin","cassandra_godin","ZOO304","H2023"
"cassandra_godin","samuel_fortin","ZOO304","H2023"
"cassandra_godin","laureanne_monast","ECL404","E2022"
"laureanne_monast","cassandra_godin","ECL404","E2022"
"cassandra_godin","yanick_sageau","BIO500","H2023"
"yanick_sageau","cassandra_godin","BIO500","H2023"
"cassandra_godin","emilie_simard","ZOO304","H2023"
"emilie_simard","cassandra_godin","ZOO304","H2023"
"cassandra_godin","cloe_tanguay","TSB303","H2022"
"cassandra_godin","felix_richard","TSB303","H2022"
"cassandra_godin","hubert_pelletier","TSB303","H2022"
"cassandra_godin","liam_ryan","TSB303","H2022"
"cassandra_godin","thomas_cournoyer","TSB303","H2022"
"cassandra_godin","xavier_delisle","TSB303","H2022"
"cassandra_godin","zachary_sinclair","TSB303","H2022"
"cloe_tanguay","cassandra_godin","TSB303","H2022"
"felix_richard","cassandra_godin","TSB303","H2022"
"hubert_pelletier","cassandra_godin","TSB303","H2022"
"liam_ryan","cassandra_godin","TSB303","H2022"
"thomas_cournoyer","cassandra_godin","TSB303","H2022"
"xavier_delisle","cassandra_godin","TSB303","H2022"
"zachary_sinclair","cassandra_godin","TSB303","H2022"
"cassandra_godin","elodie_michel","BIO109","H2022"
"cassandra_godin","guillaume_tardif","BIO109","H2022"
"cassandra_godin","xavier_quintal","BIO109","H2022"
"elodie_michel","cassandra_godin","BIO109","H2022"
"guillaume_tardif","cassandra_godin","BIO109","H2022"
"xavier_quintal","cassandra_godin","BIO109","H2022"
"cassandra_godin","francis_boily","BOT400","H2023"
"francis_boily","cassandra_godin","BOT400","H2023"
"cassandra_godin","thomas_cournoyer","ZOO105","H2022"
"thomas_cournoyer","cassandra_godin","ZOO105","H2022"
"kayla_trempe-kay","emilie_simard","ZOO304","H2023"
"marie-christine_arseneau","emilie_simard","ZOO304","H2023"
"roxanne_bernier","emilie_simard","ZOO304","H2023"
"samuel_fortin","emilie_simard","ZOO304","H2023"
"emilie_simard","kayla_trempe-kay","ZOO304","H2023"
"emilie_simard","marie-christine_arseneau","ZOO304","H2023"
"emilie_simard","roxanne_bernier","ZOO304","H2023"
"emilie_simard","samuel_fortin","ZOO304","H2023"
"elodie_michel","guillaume_tardif","BIO109","H2022"
"elodie_michel","xavier_quintal","BIO109","H2022"
"guillaume_tardif","elodie_michel","BIO109","H2022"
"guillaume_tardif","xavier_quintal","BIO109","H2022"
"xavier_quintal","guillaume_tardif","BIO109","H2022"
"xavier_quintal","elodie_michel","BIO109","H2022"
"cloe_tanguay","felix_richard","TSB303","H2022"
"cloe_tanguay","hubert_pelletier","TSB303","H2022"
"cloe_tanguay","liam_ryan","TSB303","H2022"
"cloe_tanguay","thomas_cournoyer","TSB303","H2022"
"cloe_tanguay","xavier_delisle","TSB303","H2022"
"cloe_tanguay","zachary_sinclair","TSB303","H2022"
"felix_richard","cloe_tanguay","TSB303","H2022"
"felix_richard","hubert_pelletier","TSB303","H2022"
"felix_richard","liam_ryan","TSB303","H2022"
"felix_richard","thomas_cournoyer","TSB303","H2022"
"felix_richard","xavier_delisle","TSB303","H2022"
"felix_richard","zachary_sinclair","TSB303","H2022"
"hubert_pelletier","cloe_tanguay","TSB303","H2022"
"hubert_pelletier","felix_richard","TSB303","H2022"
"hubert_pelletier","liam_ryan","TSB303","H2022"
"hubert_pelletier","thomas_cournoyer","TSB303","H2022"
"hubert_pelletier","xavier_delisle","TSB303","H2022"
"hubert_pelletier","zachary_sinclair","TSB303","H2022"
"liam_ryan","cloe_tanguay","TSB303","H2022"
"liam_ryan","felix_richard","TSB303","H2022"
"liam_ryan","hubert_pelletier","TSB303","H2022"
"liam_ryan","thomas_cournoyer","TSB303","H2022"
"liam_ryan","xavier_delisle","TSB303","H2022"
"liam_ryan","zachary_sinclair","TSB303","H2022"
"thomas_cournoyer","cloe_tanguay","TSB303","H2022"
"thomas_cournoyer","felix_richard","TSB303","H2022"
"thomas_cournoyer","hubert_pelletier","TSB303","H2022"
"thomas_cournoyer","liam_ryan","TSB303","H2022"
"thomas_cournoyer","xavier_delisle","TSB303","H2022"
"thomas_cournoyer","zachary_sinclair","TSB303","H2022"
"xavier_delisle","cloe_tanguay","TSB303","H2022"
"xavier_delisle","felix_richard","TSB303","H2022"
"xavier_delisle","hubert_pelletier","TSB303","H2022"
"xavier_delisle","liam_ryan","TSB303","H2022"
"xavier_delisle","thomas_cournoyer","TSB303","H2022"
"xavier_delisle","zachary_sinclair","TSB303","H2022"
"zachary_sinclair","cloe_tanguay","TSB303","H2022"
"zachary_sinclair","felix_richard","TSB303","H2022"
"zachary_sinclair","hubert_pelletier","TSB303","H2022"
"zachary_sinclair","liam_ryan","TSB303","H2022"
"zachary_sinclair","thomas_cournoyer","TSB303","H2022"
"zachary_sinclair","xavier_delisle","TSB303","H2022"
"arianne_barette","laurie-anne_cournoyer","ZOO304","H2023"
"arianne_barette","gabrielle_beauchesne","ZOO304","H2023"
"arianne_barette","olivier_whitter","ZOO304","H2023"
"arianne_barette","laura_beland","ZOO304","H2023"
"arianne_barette","beatrice_dupuis","ZOO304","H2023"
"arianne_barette","lea_maryns","ZOO304","H2023"
"arianne_barette","denya_berard","ZOO304","H2023"
"arianne_barette","mael_gerin","ZOO304","H2023"
"arianne_barette","samuel_beaulac","ZOO304","H2023"
"beatrice_dupuis","arianne_barette","ZOO304","H2023"
"beatrice_dupuis","laurie-anne_cournoyer","ZOO304","H2023"
"beatrice_dupuis","gabrielle_beauchesne","ZOO304","H2023"
"beatrice_dupuis","olivier_whitter","ZOO304","H2023"
"beatrice_dupuis","laura_beland","ZOO304","H2023"
"beatrice_dupuis","lea_maryns","ZOO304","H2023"
"beatrice_dupuis","denya_berard","ZOO304","H2023"
"beatrice_dupuis","mael_gerin","ZOO304","H2023"
"beatrice_dupuis","samuel_beaulac","ZOO304","H2023"
"daphnee_longworth","samuel_beaulac","BIO109","H2021"
"daphnee_longworth","yuriko_archambault","BIO109","H2021"
"daphnee_longworth","samuel_beaulac","ECL516","A2021"
"daphnee_longworth","yuriko_archambault","ECL516","A2021"
"daphnee_longworth","samuel_beaulac","BIO300","A2021"
"daphnee_longworth","yuriko_archambault","BIO300","A2021"
"denya_berard","arianne_barette","ZOO304","H2023"
"denya_berard","laurie-anne_cournoyer","ZOO304","H2023"
"denya_berard","gabrielle_beauchesne","ZOO304","H2023"
"denya_berard","olivier_whitter","ZOO304","H2023"
"denya_berard","laura_beland","ZOO304","H2023"
"denya_berard","beatrice_dupuis","ZOO304","H2023"
"denya_berard","lea_maryns","ZOO304","H2023"
"denya_berard","mael_gerin","ZOO304","H2023"
"denya_berard","samuel_beaulac","ZOO304","H2023"
"emilie_simard","samuel_beaulac","ZOO304","H2023"
"emilie_simard","samuel_beaulac","ECL611","A2022"
"emilie_simard","mael_gerin","ECL611","A2022"
"gabrielle_beauchesne","arianne_barette","ZOO304","H2023"
"gabrielle_beauchesne","laurie-anne_cournoyer","ZOO304","H2023"
"gabrielle_beauchesne","olivier_whitter","ZOO304","H2023"
"gabrielle_beauchesne","laura_beland","ZOO304","H2023"
"gabrielle_beauchesne","beatrice_dupuis","ZOO304","H2023"
"gabrielle_beauchesne","lea_maryns","ZOO304","H2023"
"gabrielle_beauchesne","denya_berard","ZOO304","H2023"
"gabrielle_beauchesne","mael_gerin","ZOO304","H2023"
"gabrielle_beauchesne","samuel_beaulac","ZOO304","H2023"
"kelianne_st-pierre","samuel_beaulac","ECL610","H2023"
"kelianne_st-pierre","yanick_sageau","ECL610","H2023"
"kelianne_st-pierre","louis-philippe_theriault","ECL610","H2023"
"laura_beland","arianne_barette","ZOO304","H2023"
"laura_beland","laurie-anne_cournoyer","ZOO304","H2023"
"laura_beland","gabrielle_beauchesne","ZOO304","H2023"
"laura_beland","olivier_whitter","ZOO304","H2023"
"laura_beland","beatrice_dupuis","ZOO304","H2023"
"laura_beland","lea_maryns","ZOO304","H2023"
"laura_beland","denya_berard","ZOO304","H2023"
"laura_beland","mael_gerin","ZOO304","H2023"
"laura_beland","samuel_beaulac","ZOO304","H2023"
"laureanne_monast","samuel_beaulac","BOT400","E2022"
"laurie-anne_cournoyer","arianne_barette","ZOO304","H2023"
"laurie-anne_cournoyer","gabrielle_beauchesne","ZOO304","H2023"
"laurie-anne_cournoyer","olivier_whitter","ZOO304","H2023"
"laurie-anne_cournoyer","laura_beland","ZOO304","H2023"
"laurie-anne_cournoyer","beatrice_dupuis","ZOO304","H2023"
"laurie-anne_cournoyer","lea_maryns","ZOO304","H2023"
"laurie-anne_cournoyer","denya_berard","ZOO304","H2023"
"laurie-anne_cournoyer","mael_gerin","ZOO304","H2023"
"laurie-anne_cournoyer","samuel_beaulac","ZOO304","H2023"
"lea_maryns","arianne_barette","ZOO304","H2023"
"lea_maryns","laurie-anne_cournoyer","ZOO304","H2023"
"lea_maryns","gabrielle_beauchesne","ZOO304","H2023"
"lea_maryns","olivier_whitter","ZOO304","H2023"
"lea_maryns","laura_beland","ZOO304","H2023"
"lea_maryns","beatrice_dupuis","ZOO304","H2023"
"lea_maryns","denya_berard","ZOO304","H2023"
"lea_maryns","mael_gerin","ZOO304","H2023"
"lea_maryns","samuel_beaulac","ZOO304","H2023"
"louis-philippe_theriault","samuel_beaulac","ECL610","H2023"
"louis-philippe_theriault","yanick_sageau","ECL610","H2023"
"louis-philippe_theriault","kelianne_st-pierre","ECL610","H2023"
"mael_gerin","samuel_beaulac","ECL611","A2022"
"mael_gerin","emilie_simard","ECL611","A2022"
"mael_gerin","arianne_barette","ZOO304","H2023"
"mael_gerin","laurie-anne_cournoyer","ZOO304","H2023"
"mael_gerin","gabrielle_beauchesne","ZOO304","H2023"
"mael_gerin","olivier_whitter","ZOO304","H2023"
"mael_gerin","laura_beland","ZOO304","H2023"
"mael_gerin","beatrice_dupuis","ZOO304","H2023"
"mael_gerin","lea_maryns","ZOO304","H2023"
"mael_gerin","denya_berard","ZOO304","H2023"
"mael_gerin","samuel_beaulac","ZOO304","H2023"
"maude_viens","samuel_beaulac","ECL603","H2023"
"olivier_whitter","arianne_barette","ZOO304","H2023"
"olivier_whitter","laurie-anne_cournoyer","ZOO304","H2023"
"olivier_whitter","gabrielle_beauchesne","ZOO304","H2023"
"olivier_whitter","laura_beland","ZOO304","H2023"
"olivier_whitter","beatrice_dupuis","ZOO304","H2023"
"olivier_whitter","lea_maryns","ZOO304","H2023"
"olivier_whitter","denya_berard","ZOO304","H2023"
"olivier_whitter","mael_gerin","ZOO304","H2023"
"olivier_whitter","samuel_beaulac","ZOO304","H2023"
"samuel_beaulac","yuriko_archambault","BIO109","H2021"
"samuel_beaulac","daphnee_longworth","BIO109","H2021"
"samuel_beaulac","yuriko_archambault","ECL516","A2021"
"samuel_beaulac","daphnee_longworth","ECL516","A2021"
"samuel_beaulac","yuriko_archambault","BIO300","A2021"
"samuel_beaulac","daphnee_longworth","BIO300","A2021"
"samuel_beaulac","yanick_sageau","BOT512","E2022"
"samuel_beaulac","emilie_simard","ZOO304","H2023"
"samuel_beaulac","maude_viens","ECL603","H2023"
"samuel_beaulac","laureanne_monast","BOT400","E2022"
"samuel_beaulac","yanick_sageau","ECL610","H2023"
"samuel_beaulac","kelianne_st-pierre","ECL610","H2023"
"samuel_beaulac","louis-philippe_theriault","ECL610","H2023"
"samuel_beaulac","emilie_simard","ECL611","A2022"
"samuel_beaulac","mael_gerin","ECL611","A2022"
"samuel_beaulac","arianne_barette","ZOO304","H2023"
"samuel_beaulac","laurie-anne_cournoyer","ZOO304","H2023"
"samuel_beaulac","gabrielle_beauchesne","ZOO304","H2023"
"samuel_beaulac","olivier_whitter","ZOO304","H2023"
"samuel_beaulac","laura_beland","ZOO304","H2023"
"samuel_beaulac","beatrice_dupuis","ZOO304","H2023"
"samuel_beaulac","lea_maryns","ZOO304","H2023"
"samuel_beaulac","denya_berard","ZOO304","H2023"
"samuel_beaulac","mael_gerin","ZOO304","H2023"
"yanick_sageau","samuel_beaulac","BOT512","E2022"
"yanick_sageau","samuel_beaulac","ECL610","H2023"
"yanick_sageau","kelianne_st-pierre","ECL610","H2023"
"yanick_sageau","louis-philippe_theriault","ECL610","H2023"
"yuriko_archambault","samuel_beaulac","BIO109","H2021"
"yuriko_archambault","daphnee_longworth","BIO109","H2021"
"yuriko_archambault","samuel_beaulac","ECL516","A2021"
"yuriko_archambault","daphnee_longworth","ECL516","A2021"
"yuriko_archambault","samuel_beaulac","BIO300","A2021"
"yuriko_archambault","daphnee_longworth","BIO300","A2021"
"yanick_sageau","francis_boily","BIO109","H2021"
"sabrina_leclercq","francis_boily","BIO109","H2021"
"francis_boily","rosalie_gagnon","BIO109","H2021"
"sabrina_leclercq","solene_boudin","ECL515","A2020"
"sabrina_leclercq","samuel_beaulac","ECL404","E2023"
"yanick_sageau","frederic_laberge","ECL404","E2022"
"sabrina_leclercq","frederic_laberge","ECL405","E2023"
"yanick_sageau","sabrina_leclercq","BOT400","H2023"
"yanick_sageau","samuel_fortin","INS154","H2023"
"yanick_sageau","genevieve_chartier","INS154","H2023"
"samuel_fortin","genevieve_chartier","INS154","H2023"
"francis_boily","yanick_sageau","BIO109","H2021"
"francis_boily","sabrina_leclercq","BIO109","H2021"
"rosalie_gagnon","francis_boily","BIO109","H2021"
"solene_boudin","sabrina_leclercq","ECL515","A2020"
"samuel_beaulac","sabrina_leclercq","ECL404","E2023"
"frederic_laberge","yanick_sageau","ECL404","E2022"
"frederic_laberge","sabrina_leclercq","ECL405","E2023"
"sabrina_leclercq","yanick_sageau","BOT400","H2023"
"samuel_fortin","yanick_sageau","INS154","H2023"
"genevieve_chartier","yanick_sageau","INS154","H2023"
"genevieve_chartier","samuel_fortin","INS154","H2023"
