etudiant1;etudiant2;sigle;session
amelie_pelletier;catherine_grondin;BCM104;H2021
amelie_pelletier;elizabeth_mcgrath;BCM104;H2021
amelie_pelletier;juliette_larrivee;BCM104;H2021
amelie_pelletier;marie-christine_arseneau;BCM104;H2021
amelie_pelletier;samuel_lajeunesse;BCM104;H2021
amelie_pelletier;viviane_bonischot;BCM104;H2021
beatrice_dupuis;marie-eve_gagne;BCM104;H2021
camille_gagnon;marie-eve_gagne;BCM104;H2021
catherine_grondin;amelie_pelletier;BCM104;H2021
catherine_grondin;elizabeth_mcgrath;BCM104;H2021
catherine_grondin;juliette_larrivee;BCM104;H2021
catherine_grondin;marie-christine_arseneau;BCM104;H2021
catherine_grondin;samuel_lajeunesse;BCM104;H2021
catherine_grondin;viviane_bonischot;BCM104;H2021
daphnee_longworth;marie-eve_gagne;BCM104;H2021
elizabeth_mcgrath;amelie_pelletier;BCM104;H2021
elizabeth_mcgrath;catherine_grondin;BCM104;H2021
elizabeth_mcgrath;juliette_larrivee;BCM104;H2021
elizabeth_mcgrath;marie-christine_arseneau;BCM104;H2021
elizabeth_mcgrath;samuel_lajeunesse;BCM104;H2021
elizabeth_mcgrath;viviane_bonischot;BCM104;H2021
francis_boily;marie-eve_gagne;BCM104;H2021
frederic_laberge;marie-eve_gagne;BCM104;H2021
gabrielle_beauchesne;jade_robitaille;BCM104;H2021
gabrielle_beauchesne;marilou_cournoyer;BCM104;H2021
gabrielle_beauchesne;philippe_barrette;BCM104;H2021
gabrielle_beauchesne;sabrina_leclercq;BCM104;H2021
gabrielle_beauchesne;yanick_sagneau;BCM104;H2021
gabrielle_beauchesne;yuriko_archambault;BCM104;H2021
jade_robitaille;gabrielle_beauchesne;BCM104;H2021
jade_robitaille;marilou_cournoyer;BCM104;H2021
jade_robitaille;philippe_barrette;BCM104;H2021
jade_robitaille;sabrina_leclercq;BCM104;H2021
jade_robitaille;yanick_sagneau;BCM104;H2021
jade_robitaille;yuriko_archambault;BCM104;H2021
juliette_larrivee;amelie_pelletier;BCM104;H2021
juliette_larrivee;catherine_grondin;BCM104;H2021
juliette_larrivee;elizabeth_mcgrath;BCM104;H2021
juliette_larrivee;marie-christine_arseneau;BCM104;H2021
juliette_larrivee;samuel_lajeunesse;BCM104;H2021
juliette_larrivee;viviane_bonischot;BCM104;H2021
marie-christine_arseneau;amelie_pelletier;BCM104;H2021
marie-christine_arseneau;catherine_grondin;BCM104;H2021
marie-christine_arseneau;elizabeth_mcgrath;BCM104;H2021
marie-christine_arseneau;juliette_larrivee;BCM104;H2021
marie-christine_arseneau;samuel_lajeunesse;BCM104;H2021
marie-christine_arseneau;viviane_bonischot;BCM104;H2021
marie-eve_gagne;beatrice_dupuis;BCM104;H2021
marie-eve_gagne;camille_gagnon;BCM104;H2021
marie-eve_gagne;daphnee_longworth;BCM104;H2021
marie-eve_gagne;francis_boily;BCM104;H2021
marie-eve_gagne;frederic_laberge;BCM104;H2021
marie-eve_gagne;nicolas_beaudoin;BCM104;H2021
marie-eve_gagne;rosalie_gagnon;BCM104;H2021
marie-eve_gagne;samuel_beaulac;BCM104;H2021
marilou_cournoyer;gabrielle_beauchesne;BCM104;H2021
marilou_cournoyer;jade_robitaille;BCM104;H2021
marilou_cournoyer;philippe_barrette;BCM104;H2021
marilou_cournoyer;sabrina_leclercq;BCM104;H2021
marilou_cournoyer;yanick_sagneau;BCM104;H2021
marilou_cournoyer;yuriko_archambault;BCM104;H2021
nicolas_beaudoin;marie-eve_gagne;BCM104;H2021
philippe_barrette;gabrielle_beauchesne;BCM104;H2021
philippe_barrette;jade_robitaille;BCM104;H2021
philippe_barrette;marilou_cournoyer;BCM104;H2021
philippe_barrette;sabrina_leclercq;BCM104;H2021
philippe_barrette;yanick_sagneau;BCM104;H2021
philippe_barrette;yuriko_archambault;BCM104;H2021
rosalie_gagnon;marie-eve_gagne;BCM104;H2021
sabrica_leclercq;philippe_barrette;BCM104;H2021
sabrina_leclercq;gabrielle_beauchesne;BCM104;H2021
sabrina_leclercq;jade_robitaille;BCM104;H2021
sabrina_leclercq;marilou_cournoyer;BCM104;H2021
sabrina_leclercq;yanick_sagneau;BCM104;H2021
sabrina_leclercq;yuriko_archambault;BCM104;H2021
samuel_beaulac;marie-eve_gagne;BCM104;H2021
samuel_lajeunesse;amelie_pelletier;BCM104;H2021
samuel_lajeunesse;catherine_grondin;BCM104;H2021
samuel_lajeunesse;elizabeth_mcgrath;BCM104;H2021
samuel_lajeunesse;juliette_larrivee;BCM104;H2021
samuel_lajeunesse;marie-christine_arseneau;BCM104;H2021
samuel_lajeunesse;viviane_bonischot;BCM104;H2021
viviane_bonischot;amelie_pelletier;BCM104;H2021
viviane_bonischot;catherine_grondin;BCM104;H2021
viviane_bonischot;elizabeth_mcgrath;BCM104;H2021
viviane_bonischot;juliette_larrivee;BCM104;H2021
viviane_bonischot;marie-christine_arseneau;BCM104;H2021
viviane_bonischot;samuel_lajeunesse;BCM104;H2021
yanick_sagneau;gabrielle_beauchesne;BCM104;H2021
yanick_sagneau;jade_robitaille;BCM104;H2021
yanick_sagneau;marilou_cournoyer;BCM104;H2021
yanick_sagneau;philippe_barrette;BCM104;H2021
yanick_sagneau;sabrina_leclercq;BCM104;H2021
yanick_sagneau;yuriko_archambault;BCM104;H2021
yuriko_archambault;gabrielle_beauchesne;BCM104;H2021
yuriko_archambault;jade_robitaille;BCM104;H2021
yuriko_archambault;marilou_cournoyer;BCM104;H2021
yuriko_archambault;philippe_barrette;BCM104;H2021
yuriko_archambault;sabrina_leclercq;BCM104;H2021
yuriko_archambault;yanick_sagneau;BCM104;H2021
juliette_larrivee;marie-christine_arseneau;BCM113;H2021
marie-christine_arseneau;juliette_larrivee;BCM113;H2021
catherine_viel-lapointe;francis_bourassa;BIO109;H2021
catherine_viel-lapointe;juliette_larrivee;BIO109;H2021
catherine_viel-lapointe;marie-christine_arseneau;BIO109;H2021
daphnee_longworth;marie-eve_gagne;BIO109;H2021
daphnee_longworth;samuel_beaulac;BIO109;H2021
daphnee_longworth;samuel_lajeunesse;BIO109;H2021
daphnee_longworth;yuriko_archambault;BIO109;H2021
francis_bourassa;catherine_viel-lapointe;BIO109;H2021
francis_bourassa;juliette_larrivee;BIO109;H2021
francis_bourassa;marie-christine_arseneau;BIO109;H2021
juliette_larrivee;catherine_viel-lapointe;BIO109;H2021
juliette_larrivee;francis_bourassa;BIO109;H2021
juliette_larrivee;marie-christine_arseneau;BIO109;H2021
marie-christine_arseneau;catherine_viel-lapointe;BIO109;H2021
marie-christine_arseneau;francis_bourassa;BIO109;H2021
marie-christine_arseneau;juliette_larrivee;BIO109;H2021
marie-eve_gagne;daphnee_longworth;BIO109;H2021
marie-eve_gagne;samuel_lajeunesse;BIO109;H2021
marie-eve_gagne;yuriko_archambault;BIO109;H2021
samuel_beaulac;daphnee_longworth;BIO109;H2021
samuel_lajeunesse;daphnee_longworth;BIO109;H2021
samuel_lajeunesse;marie-eve_gagne;BIO109;H2021
samuel_lajeunesse;yuriko_archambault;BIO109;H2021
yuriko_archambault;daphnee_longworth;BIO109;H2021
yuriko_archambault;marie-eve_gagne;BIO109;H2021
yuriko_archambault;samuel_lajeunesse;BIO109;H2021
daphnee_longworth;yuriko_archambault;BIO300;A2021
yuriko_archambault;daphnee_longworth;BIO300;A2021
daphnee_longworth;simon_guillemette;BIO301;H2023
juliette_larrivee;marie-eve_gagne;BIO301;H2023
marie-eve_gagne;juliette_larrivee;BIO301;H2023
simon_guillemette;daphnee_longworth;BIO301;H2023
daphnee_longworth;juliette_larrivee;BIO500;H2023
daphnee_longworth;marie-eve_gagne;BIO500;H2023
daphnee_longworth;yuriko_archambault;BIO500;H2023
juliette_larrivee;daphnee_longworth;BIO500;H2023
juliette_larrivee;marie-eve_gagne;BIO500;H2023
juliette_larrivee;yuriko_archambault;BIO500;H2023
marie-eve_gagne;daphnee_longworth;BIO500;H2023
marie-eve_gagne;juliette_larrivee;BIO500;H2023
marie-eve_gagne;yuriko_archambault;BIO500;H2023
yuriko_archambault;daphnee_longworth;BIO500;H2023
yuriko_archambault;juliette_larrivee;BIO500;H2023
yuriko_archambault;marie-eve_gagne;BIO500;H2023
daphnee_longworth;yuriko_archambault;BOT400;H2023
francoise_legoff;juliette_larrivee;BOT400;H2021
juliette_larrivee;francoise_legoff;BOT400;H2021
yuriko_archambault;daphnee_longworth;BOT400;H2023
daphnee_longworth;yuriko_archambault;ECL404;E2022
juliette_larrivee;marie-eve_gagne;ECL404;E2022
marie-eve_gagne;juliette_larrivee;ECL404;E2022
yuriko_archambault;daphnee_longworth;ECL404;E2022
daphnee_longworth;yuriko_archambault;ECL406;E2022
juliette_larrivee;marie-eve_gagne;ECL406;E2022
marie-eve_gagne;juliette_larrivee;ECL406;E2022
yuriko_archambault;daphnee_longworth;ECL406;E2022
juliette_larrivee;marie-eve_gagne;ECL515;E2022
marie-eve_gagne;juliette_larrivee;ECL515;E2022
daphnee_longworth;jade_robitaille;ECL516;A2021
daphnee_longworth;samuel_beaulac;ECL516;A2021
daphnee_longworth;yuriko_archambault;ECL516;A2021
genevieve_gregoire-duval;juliette_larrivee;ECL516;A2020
genevieve_gregoire-duval;laura_beland;ECL516;A2020
genevieve_gregoire-duval;sarah_pion;ECL516;A2020
jade_robitaille;daphnee_longworth;ECL516;A2021
jade_robitaille;samuel_beaulac;ECL516;A2021
jade_robitaille;yuriko_archambault;ECL516;A2021
juliette_larrivee;genevieve_gregoire-duval;ECL516;A2020
juliette_larrivee;laura_beland;ECL516;A2020
juliette_larrivee;sarah_pion;ECL516;A2020
laura_beland;genevieve_gregoire-duval;ECL516;A2020
laura_beland;juliette_larrivee;ECL516;A2020
laura_beland;sarah_pion;ECL516;A2020
samuel_beaulac;daphnee_longworth;ECL516;A2021
samuel_beaulac;jade_robitaille;ECL516;A2021
samuel_beaulac;yuriko_archambault;ECL516;A2021
sarah_pion;genevieve_gregoire-duval;ECL516;A2020
sarah_pion;juliette_larrivee;ECL516;A2020
sarah_pion;laura_beland;ECL516;A2020
yuriko_archambault;daphnee_longworth;ECL516;A2021
yuriko_archambault;jade_robitaille;ECL516;A2021
yuriko_archambault;samuel_beaulac;ECL516;A2021
daphnee_longworth;juliette_larrivee;ECL522;E2022
daphnee_longworth;marie-eve_gagne;ECL522;E2022
daphnee_longworth;yuriko_archambault;ECL522;E2022
juliette_larrivee;daphnee_longworth;ECL522;E2022
juliette_larrivee;yuriko_archambault;ECL522;E2022
marie-eve_gagne;daphnee_longworth;ECL522;E2022
yuriko_archambault;daphnee_longworth;ECL522;E2022
yuriko_archambault;juliette_larrivee;ECL522;E2022
daphnee_longworth;juliette_larrivee;ECL527;A2021
daphnee_longworth;marie-eve_gagne;ECL527;A2021
daphnee_longworth;yuriko_archambault;ECL527;A2021
juliette_larrivee;daphnee_longworth;ECL527;A2021
juliette_larrivee;marie-eve_gagne;ECL527;A2021
juliette_larrivee;yuriko_archambault;ECL527;A2021
marie-eve_gagne;daphnee_longworth;ECL527;A2021
marie-eve_gagne;juliette_larrivee;ECL527;A2021
marie-eve_gagne;yuriko_archambault;ECL527;A2021
yuriko_archambault;daphnee_longworth;ECL527;A2021
yuriko_archambault;juliette_larrivee;ECL527;A2021
yuriko_archambault;marie-eve_gagne;ECL527;A2021
juliette_larrivee;marie-eve_gagne;ECL535;E2022
juliette_larrivee;yuriko_archambault;ECL535;E2022
marie-eve_gagne;juliette_larrivee;ECL535;E2022
marie-eve_gagne;yuriko_archambault;ECL535;E2022
yuriko_archambault;juliette_larrivee;ECL535;E2022
yuriko_archambault;marie-eve_gagne;ECL535;E2022
juliette_larrivee;marie-eve_gagne;ECL544;A2021
marie-eve_gagne;juliette_larrivee;ECL544;A2021
daphnee_longworth;marie-eve_gagne;ECL606;H2021
daphnee_longworth;yuriko_archambault;ECL606;H2021
marie-eve_gagne;daphnee_longworth;ECL606;H2021
yuriko_archambault;daphnee_longworth;ECL606;H2021
daphnee_longworth;marie-eve_gagne;ECL610;H2023
daphnee_longworth;yuriko_archambault;ECL610;H2023
marie-eve_gagne;daphnee_longworth;ECL610;H2023
marie-eve_gagne;yuriko_archambault;ECL610;H2023
yuriko_archambault;daphnee_longworth;ECL610;H2023
yuriko_archambault;marie-eve_gagne;ECL610;H2023
daphnee_longworth;juliette_larrivee;ECL615;E2022
daphnee_longworth;marie-eve_gagne;ECL615;E2022
daphnee_longworth;yuriko_archambault;ECL615;E2022
juliette_larrivee;daphnee_longworth;ECL615;E2022
marie-eve_gagne;daphnee_longworth;ECL615;E2022
yuriko_archambault;daphnee_longworth;ECL615;E2022
daphnee_damours;daphnee_longworth;ECN109;H2023
daphnee_longworth;daphnee_damours;ECN109;H2023
arianne_beaulac;juliette_larrivee;ENT101;E2022
arianne_beaulac;laureanne_monast;ENT101;E2022
arianne_beaulac;laurie_labonte;ENT101;E2022
arianne_beaulac;mirette_hashem;ENT101;E2022
juliette_larrivee;arianne_beaulac;ENT101;E2022
juliette_larrivee;laureanne_monast;ENT101;E2022
juliette_larrivee;laurie_labonte;ENT101;E2022
juliette_larrivee;mirette_hashem;ENT101;E2022
laureanne_monast;arianne_beaulac;ENT101;E2022
laureanne_monast;juliette_larrivee;ENT101;E2022
laureanne_monast;laurie_labonte;ENT101;E2022
laureanne_monast;mirette_hashem;ENT101;E2022
laurie_labonte;arianne_beaulac;ENT101;E2022
laurie_labonte;juliette_larrivee;ENT101;E2022
laurie_labonte;laureanne_monast;ENT101;E2022
laurie_labonte;mirette_hashem;ENT101;E2022
mirette_hashem;arianne_beaulac;ENT101;E2022
mirette_hashem;juliette_larrivee;ENT101;E2022
mirette_hashem;laureanne_monast;ENT101;E2022
mirette_hashem;laurie_labonte;ENT101;E2022
marie-eve_gagne;ricardo_lavoie;ENT102;H2023
ricardo_lavoie;marie-eve_gagne;ENT102;H2023
amelie_harbeck-bastien;marie-eve_gagne;GAE550;H2023
amelie_harbeck-bastien;sabrina_leclercq;GAE550;H2023
amelie_harbeck-bastien;yuriko_archambault;GAE550;H2023
marie-eve_gagne;amelie_harbeck-bastien;GAE550;H2023
marie-eve_gagne;sabrina_leclercq;GAE550;H2023
marie-eve_gagne;yuriko_archambault;GAE550;H2023
sabrina_leclercq;amelie_harbeck-bastien;GAE550;H2023
sabrina_leclercq;marie-eve_gagne;GAE550;H2023
sabrina_leclercq;yuriko_archambault;GAE550;H2023
yuriko_archambault;amelie_harbeck-bastien;GAE550;H2023
yuriko_archambault;marie-eve_gagne;GAE550;H2023
yuriko_archambault;sabrina_leclercq;GAE550;H2023
amelie_pelletier;catherine_grondin;TSB303;H2021
amelie_pelletier;juliette_larrivee;TSB303;H2021
amelie_pelletier;katerie_bessette;TSB303;H2021
amelie_pelletier;magalie_bosse;TSB303;H2021
amelie_pelletier;sarah_pion;TSB303;H2021
amelie_pelletier;sara-jade_lamontagne;TSB303;H2021
amelie_pelletier;vanessa_baillargeon;TSB303;H2021
catherine_grondin;amelie_pelletier;TSB303;H2021
catherine_grondin;juliette_larrivee;TSB303;H2021
catherine_grondin;katerie_bessette;TSB303;H2021
catherine_grondin;magalie_bosse;TSB303;H2021
catherine_grondin;sarah_pion;TSB303;H2021
catherine_grondin;sara-jade_lamontagne;TSB303;H2021
catherine_grondin;vanessa_baillargeon;TSB303;H2021
daphnee_longworth;madyson_mclean;TSB303;H2021
daphnee_longworth;marie-eve_gagne;TSB303;H2021
daphnee_longworth;marilou_cournoyer;TSB303;H2021
daphnee_longworth;naomie_aubut;TSB303;H2021
daphnee_longworth;philippe_barrette;TSB303;H2021
daphnee_longworth;yuriko_archambault;TSB303;H2021
juliette_larrivee;amelie_pelletier;TSB303;H2021
juliette_larrivee;catherine_grondin;TSB303;H2021
juliette_larrivee;katerie_bessette;TSB303;H2021
juliette_larrivee;magalie_bosse;TSB303;H2021
juliette_larrivee;sarah_pion;TSB303;H2021
juliette_larrivee;sara-jade_lamontagne;TSB303;H2021
juliette_larrivee;vanessa_baillargeon;TSB303;H2021
katerie_bessette;amelie_pelletier;TSB303;H2021
katerie_bessette;catherine_grondin;TSB303;H2021
katerie_bessette;juliette_larrivee;TSB303;H2021
katerie_bessette;magalie_bosse;TSB303;H2021
katerie_bessette;sarah_pion;TSB303;H2021
katerie_bessette;sara-jade_lamontagne;TSB303;H2021
katerie_bessette;vanessa_baillargeon;TSB303;H2021
madyson_mclean;daphnee_longworth;TSB303;H2021
madyson_mclean;marie-eve_gagne;TSB303;H2021
madyson_mclean;marilou_cournoyer;TSB303;H2021
madyson_mclean;naomie_aubut;TSB303;H2021
madyson_mclean;philippe_barrette;TSB303;H2021
madyson_mclean;yuriko_archambault;TSB303;H2021
magalie_bosse;amelie_pelletier;TSB303;H2021
magalie_bosse;catherine_grondin;TSB303;H2021
magalie_bosse;juliette_larrivee;TSB303;H2021
magalie_bosse;katerie_bessette;TSB303;H2021
magalie_bosse;sarah_pion;TSB303;H2021
magalie_bosse;sara-jade_lamontagne;TSB303;H2021
magalie_bosse;vanessa_baillargeon;TSB303;H2021
marie-eve_gagne;daphnee_longworth;TSB303;H2021
marie-eve_gagne;madyson_mclean;TSB303;H2021
marie-eve_gagne;marilou_cournoyer;TSB303;H2021
marie-eve_gagne;naomie_aubut;TSB303;H2021
marie-eve_gagne;philippe_barrette;TSB303;H2021
marie-eve_gagne;yuriko_archambault;TSB303;H2021
marilou_cournoyer;daphnee_longworth;TSB303;H2021
marilou_cournoyer;madyson_mcclean;TSB303;H2021
marilou_cournoyer;marie-eve_gagne;TSB303;H2021
marilou_cournoyer;naomie_aubut;TSB303;H2021
marilou_cournoyer;philippe_barrette;TSB303;H2021
marilou_cournoyer;yuriko_archambault;TSB303;H2021
naomie_aubut;daphnee_longworth;TSB303;H2021
naomie_aubut;madyson_mcclean;TSB303;H2021
naomie_aubut;marie-eve_gagne;TSB303;H2021
naomie_aubut;marilou_cournoyer;TSB303;H2021
naomie_aubut;philippe_barrette;TSB303;H2021
naomie_aubut;yuriko_archambault;TSB303;H2021
philippe_barrette;daphnee_longworth;TSB303;H2021
philippe_barrette;madyson_mcclean;TSB303;H2021
philippe_barrette;marie-eve_gagne;TSB303;H2021
philippe_barrette;marilou_cournoyer;TSB303;H2021
philippe_barrette;naomie_aubut;TSB303;H2021
philippe_barrette;yuriko_archambault;TSB303;H2021
sarah_pion;amelie_pelletier;TSB303;H2021
sarah_pion;catherine_grondin;TSB303;H2021
sarah_pion;juliette_larrivee;TSB303;H2021
sarah_pion;katerie_bessette;TSB303;H2021
sarah_pion;magalie_bosse;TSB303;H2021
sarah_pion;sara-jade_lamontagne;TSB303;H2021
sarah_pion;vanessa_baillargeon;TSB303;H2021
sara-jade_lamontagne;amelie_pelletier;TSB303;H2021
sara-jade_lamontagne;catherine_grondin;TSB303;H2021
sara-jade_lamontagne;juliette_larrivee;TSB303;H2021
sara-jade_lamontagne;katerie_bessette;TSB303;H2021
sara-jade_lamontagne;magalie_bosse;TSB303;H2021
sara-jade_lamontagne;sarah_pion;TSB303;H2021
sara-jade_lamontagne;vanessa_baillargeon;TSB303;H2021
vanessa_baillargeon;amelie_pelletier;TSB303;H2021
vanessa_baillargeon;catherine_grondin;TSB303;H2021
vanessa_baillargeon;juliette_larrivee;TSB303;H2021
vanessa_baillargeon;katerie_bessette;TSB303;H2021
vanessa_baillargeon;magalie_bosse;TSB303;H2021
vanessa_baillargeon;sarah_pion;TSB303;H2021
vanessa_baillargeon;sara-jade_lamontagne;TSB303;H2021
yuriko_archambault;daphnee_longworth;TSB303;H2021
yuriko_archambault;madyson_mclean;TSB303;H2021
yuriko_archambault;marie-eve_gagne;TSB303;H2021
yuriko_archambault;marilou_cournoyer;TSB303;H2021
yuriko_archambault;naomie_aubut;TSB303;H2021
yuriko_archambault;philippe_barrette;TSB303;H2021
daphnee_longworth;marie-eve_gagne;ZOO302;H2021
marie-eve_gagne;daphnee_longworth;ZOO302;H2021
