prenom_nom;prenom;nom;region_administrative;regime_coop;formation_prealable;annee_debut;programme
yuriko_archambault;yuriko;archambault;monteregie;VRAI;technique;A2020;269000
juliette_larrivee;juliette;larrivee;estrie;VRAI;technique;H2020;269000
marie-eve_gagne;marie-eve;gagne;laval;VRAI;technique;A2020;269000
daphnee_longworth;daphnee;longworth;montreal;TRUE;technique;H2020;269000
amelie_harbeck bastien;amelie;harbeck-bastien;NA;NA;NA;NA;NA
amelie_pelletier;amelie;pelletier;NA;NA;NA;NA;NA
arianne_beaulac;arianne;beaulac;NA;NA;NA;NA;NA
beatrice_dupuis;beatrice;dupuis;NA;NA;NA;NA;NA
camille_gagnon;camille;gagnon;NA;NA;NA;NA;NA
catherine_grondin;catherine;grondin;NA;NA;NA;NA;NA
catherine_viel_lapointe;catherine;viel-lapointe;NA;NA;NA;NA;NA
daphnee_damours;daphnee;damours;NA;NA;NA;NA;NA
elizabeth_mcgrath;elizabeth;mcgrath;NA;NA;NA;NA;NA
francis_boily;francis;boily;NA;NA;NA;NA;NA
francis_bourassa;francis;bourassa;NA;NA;NA;NA;NA
francoise_legoff;francoise;legoff;NA;NA;NA;NA;NA
frederic_laberge;frederic;laberge;NA;NA;NA;NA;NA
gabrielle_beauchesne;gabrielle;beauchesne;NA;NA;NA;NA;NA
genevieve_gregoire-duval;genevieve;gregoire-duval;NA;NA;NA;NA;NA
jade_robitaille;jade;robitaille;NA;NA;NA;NA;NA
katerie_bessette;katerie;bessette;NA;NA;NA;NA;NA
laura_beland;laura;beland;NA;NA;NA;NA;NA
laureanne_monast;laureanne;monast;NA;NA;NA;NA;NA
laurie_labonte;laurie;labonte;NA;NA;NA;NA;NA
madyson_mclean;madyson;mclean;NA;NA;NA;NA;NA
magalie_bosse;magalie;bosse;NA;NA;NA;NA;NA
marie-christine_arseneau;marie-christine;arseneau;NA;NA;NA;NA;NA
marilou_cournoyer;marilou;cournoyer;NA;NA;NA;NA;NA
mirette_hashem;mirette;hashem;NA;NA;NA;NA;NA
naomie_aubut;naomie;aubut;NA;NA;NA;NA;NA
nicolas_beaudoin;nicolas;beaudoin;NA;NA;NA;NA;NA
philippe_barrette;philippe;barrette;NA;NA;NA;NA;NA
ricardo_lavoie;ricardo;lavoie;NA;NA;NA;NA;NA
rosalie_gagnon;rosalie;gagnon;NA;NA;NA;NA;NA
sabrina_leclercq;sabrina;leclercq;NA;NA;NA;NA;NA
samuel_beaulac;samuel;beaulac;NA;NA;NA;NA;NA
samuel_lajeunesse;samuel;lajeunesse;NA;NA;NA;NA;NA
sarah_pion;sarah;pion;NA;NA;NA;NA;NA
sara-jade_lamontagne;sara-jade;lamontagne;NA;NA;NA;NA;NA
simon_guillemette;simon;guilemette;NA;NA;NA;NA;NA
vanessa_baillargeon;vanessa;baillargeon;NA;NA;NA;NA;NA
yanick_sagneau;yanick;sagneau;NA;NA;NA;NA;NA
viviane_bonischot;viviane;bonischot;NA;NA;NA;NA;NA
